-- MySQL dump 10.17  Distrib 10.3.11-MariaDB, for debian-linux-gnu (x86_64)
--
-- Host: 127.0.0.1    Database: motel
-- ------------------------------------------------------
-- Server version	10.3.11-MariaDB-1:10.3.11+maria~stretch

/*!40101 SET @OLD_CHARACTER_SET_CLIENT=@@CHARACTER_SET_CLIENT */;
/*!40101 SET @OLD_CHARACTER_SET_RESULTS=@@CHARACTER_SET_RESULTS */;
/*!40101 SET @OLD_COLLATION_CONNECTION=@@COLLATION_CONNECTION */;
/*!40101 SET NAMES utf8mb4 */;
/*!40103 SET @OLD_TIME_ZONE=@@TIME_ZONE */;
/*!40103 SET TIME_ZONE='+00:00' */;
/*!40014 SET @OLD_UNIQUE_CHECKS=@@UNIQUE_CHECKS, UNIQUE_CHECKS=0 */;
/*!40014 SET @OLD_FOREIGN_KEY_CHECKS=@@FOREIGN_KEY_CHECKS, FOREIGN_KEY_CHECKS=0 */;
/*!40101 SET @OLD_SQL_MODE=@@SQL_MODE, SQL_MODE='NO_AUTO_VALUE_ON_ZERO' */;
/*!40111 SET @OLD_SQL_NOTES=@@SQL_NOTES, SQL_NOTES=0 */;

--
-- Table structure for table `Bookings`
--

DROP TABLE IF EXISTS `Bookings`;
/*!40101 SET @saved_cs_client     = @@character_set_client */;
/*!40101 SET character_set_client = utf8 */;
CREATE TABLE `Bookings` (
  `Id` int(10) unsigned NOT NULL AUTO_INCREMENT,
  `ReservationDateTime` datetime NOT NULL,
  `CustomerId` int(10) unsigned NOT NULL,
  `RoomTypeId` int(10) unsigned NOT NULL,
  `CheckIn` date NOT NULL,
  `CheckOut` date NOT NULL,
  `Price` decimal(6,2) NOT NULL,
  `State` enum('Reserved','Cancelled') NOT NULL,
  `NHosts` int(10) unsigned NOT NULL,
  PRIMARY KEY (`Id`),
  KEY `CustomerId` (`CustomerId`),
  KEY `RoomTypeId` (`RoomTypeId`),
  CONSTRAINT `Bookings_ibfk_1` FOREIGN KEY (`CustomerId`) REFERENCES `Customers` (`Id`) ON DELETE NO ACTION ON UPDATE CASCADE,
  CONSTRAINT `Bookings_ibfk_2` FOREIGN KEY (`RoomTypeId`) REFERENCES `RoomTypes` (`Id`) ON DELETE NO ACTION ON UPDATE CASCADE
) ENGINE=InnoDB AUTO_INCREMENT=304 DEFAULT CHARSET=utf8mb4;
/*!40101 SET character_set_client = @saved_cs_client */;

--
-- Dumping data for table `Bookings`
--

LOCK TABLES `Bookings` WRITE;
/*!40000 ALTER TABLE `Bookings` DISABLE KEYS */;
INSERT INTO `Bookings` VALUES (1,'2018-01-02 20:27:35',1,3,'2018-03-25','2018-04-01',499.80,'Reserved',2),(2,'2018-01-02 12:03:31',2,2,'2018-01-23','2018-01-25',96.00,'Reserved',1),(3,'2018-01-02 02:04:25',3,3,'2018-04-03','2018-04-08',357.00,'Reserved',2),(4,'2018-01-03 11:18:31',4,5,'2018-03-14','2018-03-18',360.00,'Reserved',3),(5,'2018-01-03 17:11:34',5,3,'2018-03-19','2018-03-26',483.00,'Reserved',2),(6,'2018-01-03 19:05:53',6,8,'2018-01-18','2018-01-25',630.00,'Reserved',2),(7,'2018-01-05 07:03:46',7,3,'2018-04-04','2018-04-07',214.20,'Reserved',2),(8,'2018-01-05 21:41:32',8,2,'2018-03-03','2018-03-06',144.00,'Reserved',2),(9,'2018-01-06 01:14:52',9,3,'2018-03-15','2018-03-23',520.80,'Reserved',2),(10,'2018-01-06 08:20:20',10,2,'2018-04-04','2018-04-07',163.20,'Cancelled',2),(11,'2018-01-06 16:49:16',11,8,'2018-02-04','2018-02-07',270.00,'Reserved',2),(12,'2018-01-06 19:40:56',12,8,'2018-01-27','2018-02-01',450.00,'Reserved',2),(13,'2018-01-07 21:16:44',13,3,'2018-01-07','2018-01-11',252.00,'Reserved',2),(14,'2018-01-07 22:43:43',14,5,'2018-03-19','2018-03-25',588.00,'Reserved',3),(15,'2018-01-07 13:36:21',15,5,'2018-02-23','2018-03-02',630.00,'Reserved',3),(16,'2018-01-08 14:44:38',16,2,'2018-03-11','2018-03-15',192.00,'Reserved',1),(17,'2018-01-10 00:15:42',17,4,'2018-03-25','2018-03-31',469.20,'Reserved',3),(18,'2018-01-11 01:37:24',18,5,'2018-03-01','2018-03-04',270.00,'Reserved',3),(19,'2018-01-11 12:34:51',19,2,'2018-04-19','2018-04-22',163.20,'Reserved',1),(20,'2018-01-12 12:50:45',20,8,'2018-03-31','2018-04-08',816.00,'Reserved',2),(21,'2018-01-12 22:36:33',21,2,'2018-03-02','2018-03-10',384.00,'Cancelled',1),(22,'2018-01-12 05:24:47',22,4,'2018-02-02','2018-02-03',69.00,'Cancelled',3),(23,'2018-01-13 00:47:20',23,3,'2018-02-01','2018-02-03',126.00,'Reserved',1),(24,'2018-01-14 02:40:46',24,8,'2018-04-10','2018-04-18',816.00,'Reserved',2),(25,'2018-01-14 08:33:44',25,3,'2018-03-21','2018-03-28',499.80,'Reserved',2),(26,'2018-01-14 14:50:59',26,4,'2018-04-22','2018-04-26',312.80,'Reserved',3),(27,'2018-01-15 12:01:12',27,4,'2018-03-21','2018-03-24',234.60,'Reserved',3),(28,'2018-01-16 08:46:23',28,4,'2018-03-04','2018-03-11',483.00,'Reserved',3),(29,'2018-01-16 19:32:14',29,2,'2018-03-03','2018-03-05',96.00,'Reserved',2),(30,'2018-01-16 17:45:10',30,5,'2018-03-22','2018-03-29',714.00,'Reserved',3),(31,'2018-01-16 18:58:16',31,3,'2018-01-30','2018-02-01',126.00,'Reserved',1),(32,'2018-01-19 21:41:27',32,8,'2018-02-08','2018-02-11',270.00,'Reserved',1),(33,'2018-01-19 14:52:00',33,4,'2018-04-13','2018-04-21',625.60,'Reserved',3),(34,'2018-01-19 02:33:46',34,4,'2018-02-25','2018-03-03',414.00,'Reserved',3),(35,'2018-01-20 17:45:48',35,4,'2018-03-22','2018-03-27',391.00,'Reserved',3),(36,'2018-01-20 14:37:36',36,5,'2018-01-21','2018-01-26',450.00,'Reserved',3),(37,'2018-01-20 17:59:08',37,2,'2018-02-02','2018-02-03',48.00,'Reserved',2),(38,'2018-01-21 01:46:22',38,4,'2018-03-22','2018-03-28',469.20,'Reserved',3),(39,'2018-01-22 21:21:16',39,3,'2018-04-28','2018-05-01',214.20,'Reserved',2),(40,'2018-01-22 00:22:41',40,4,'2018-02-20','2018-02-21',69.00,'Reserved',3),(41,'2018-01-24 02:07:07',41,8,'2018-04-18','2018-04-26',816.00,'Cancelled',2),(42,'2018-01-25 02:11:04',42,8,'2018-04-01','2018-04-05',408.00,'Reserved',1),(43,'2018-01-25 08:32:03',43,8,'2018-02-25','2018-02-27',180.00,'Reserved',2),(44,'2018-01-25 22:16:00',44,8,'2018-03-04','2018-03-05',90.00,'Reserved',1),(45,'2018-01-25 12:22:15',45,8,'2018-04-19','2018-04-22',306.00,'Reserved',2),(46,'2018-01-26 22:53:32',46,4,'2018-03-29','2018-04-01',234.60,'Reserved',3),(47,'2018-01-27 13:16:55',47,8,'2018-02-14','2018-02-17',270.00,'Reserved',1),(48,'2018-01-27 10:03:10',48,3,'2018-04-06','2018-04-08',142.80,'Reserved',2),(49,'2018-01-27 17:15:36',49,2,'2018-03-14','2018-03-18',192.00,'Reserved',1),(50,'2018-01-28 07:29:20',50,3,'2018-03-22','2018-03-26',285.60,'Reserved',1),(51,'2018-01-28 16:00:01',51,3,'2018-04-22','2018-04-25',214.20,'Reserved',1),(52,'2018-01-28 03:29:37',52,2,'2018-02-09','2018-02-15',288.00,'Reserved',1),(53,'2018-01-31 20:05:33',53,4,'2018-04-19','2018-04-24',391.00,'Reserved',3),(54,'2018-02-01 12:06:25',54,3,'2018-04-23','2018-04-30',499.80,'Reserved',1),(55,'2018-02-01 06:37:19',55,3,'2018-05-10','2018-05-18',571.20,'Reserved',2),(56,'2018-02-02 12:47:35',56,5,'2018-05-11','2018-05-14',306.00,'Reserved',3),(57,'2018-02-02 18:20:39',57,8,'2018-04-27','2018-05-03',612.00,'Reserved',2),(58,'2018-02-02 20:51:29',58,3,'2018-03-21','2018-03-25',285.60,'Reserved',2),(59,'2018-02-04 00:10:31',59,4,'2018-04-05','2018-04-06',78.20,'Reserved',3),(60,'2018-02-04 19:00:41',60,5,'2018-02-04','2018-02-09',450.00,'Cancelled',3),(61,'2018-02-04 03:37:35',61,3,'2018-03-08','2018-03-16',504.00,'Reserved',1),(62,'2018-02-05 05:58:39',62,4,'2018-03-17','2018-03-21',276.00,'Reserved',3),(63,'2018-02-07 21:49:05',63,5,'2018-05-07','2018-05-15',816.00,'Reserved',3),(64,'2018-02-09 11:17:53',64,8,'2018-04-08','2018-04-15',714.00,'Cancelled',1),(65,'2018-02-10 20:02:23',65,2,'2018-03-21','2018-03-24',163.20,'Reserved',1),(66,'2018-02-10 12:47:48',66,5,'2018-04-20','2018-04-25',510.00,'Reserved',3),(67,'2018-02-10 19:27:42',67,3,'2018-03-02','2018-03-09',441.00,'Reserved',2),(68,'2018-02-10 13:45:42',68,5,'2018-02-11','2018-02-16',450.00,'Reserved',3),(69,'2018-02-11 13:02:15',69,4,'2018-02-17','2018-02-19',138.00,'Reserved',3),(70,'2018-02-11 20:36:57',70,5,'2018-03-29','2018-03-31',204.00,'Reserved',3),(71,'2018-02-11 07:38:41',71,3,'2018-02-16','2018-02-24',504.00,'Reserved',2),(72,'2018-02-11 00:29:18',72,3,'2018-04-09','2018-04-10',71.40,'Reserved',2),(73,'2018-02-12 06:06:19',73,3,'2018-03-31','2018-04-03',214.20,'Reserved',2),(74,'2018-02-13 19:46:47',74,5,'2018-04-29','2018-05-02',306.00,'Reserved',3),(75,'2018-02-13 11:00:16',75,3,'2018-03-14','2018-03-19',315.00,'Reserved',1),(76,'2018-02-14 22:40:37',76,2,'2018-03-05','2018-03-11',288.00,'Reserved',2),(77,'2018-02-14 15:21:35',77,5,'2018-02-26','2018-03-04',540.00,'Reserved',3),(78,'2018-02-14 00:51:56',78,2,'2018-03-15','2018-03-23',396.80,'Reserved',1),(79,'2018-02-14 02:54:03',79,3,'2018-02-25','2018-02-26',63.00,'Reserved',1),(80,'2018-02-15 13:26:46',80,2,'2018-04-18','2018-04-26',435.20,'Cancelled',1),(81,'2018-02-15 08:13:25',81,2,'2018-05-24','2018-05-29',272.00,'Reserved',1),(82,'2018-02-15 06:47:06',82,5,'2018-03-06','2018-03-13',630.00,'Reserved',3),(83,'2018-02-16 16:44:35',83,5,'2018-05-05','2018-05-11',612.00,'Reserved',3),(84,'2018-02-16 14:34:10',84,4,'2018-02-26','2018-03-05',483.00,'Reserved',3),(85,'2018-02-16 18:59:09',85,8,'2018-04-29','2018-05-03',408.00,'Reserved',1),(86,'2018-02-16 08:27:15',86,8,'2018-04-10','2018-04-14',408.00,'Reserved',2),(87,'2018-02-17 19:01:57',87,2,'2018-04-14','2018-04-21',380.80,'Cancelled',1),(88,'2018-02-17 07:04:07',88,3,'2018-05-09','2018-05-10',71.40,'Reserved',1),(89,'2018-02-17 04:23:09',89,3,'2018-02-27','2018-03-04',315.00,'Reserved',2),(90,'2018-02-17 05:16:08',90,3,'2018-02-21','2018-02-27',378.00,'Reserved',2),(91,'2018-02-18 21:28:40',91,2,'2018-05-20','2018-05-21',54.40,'Reserved',1),(92,'2018-02-19 22:25:11',92,4,'2018-02-19','2018-02-21',138.00,'Reserved',3),(93,'2018-02-19 10:00:13',93,8,'2018-03-24','2018-03-29',510.00,'Reserved',1),(94,'2018-02-19 11:15:02',94,4,'2018-04-04','2018-04-10',469.20,'Reserved',3),(95,'2018-02-19 08:51:21',95,2,'2018-04-23','2018-04-30',380.80,'Reserved',2),(96,'2018-02-21 17:49:52',96,3,'2018-05-03','2018-05-08',357.00,'Reserved',1),(97,'2018-02-21 04:03:52',97,4,'2018-03-17','2018-03-22',354.20,'Reserved',3),(98,'2018-02-21 09:33:21',98,2,'2018-04-30','2018-05-01',54.40,'Reserved',1),(99,'2018-02-21 06:20:26',99,3,'2018-05-04','2018-05-11',499.80,'Reserved',2),(100,'2018-02-22 00:05:56',100,4,'2018-05-06','2018-05-13',547.40,'Reserved',3),(101,'2018-02-22 09:00:12',101,3,'2018-03-14','2018-03-17',189.00,'Reserved',2),(102,'2018-02-22 21:18:25',102,5,'2018-03-08','2018-03-16',720.00,'Reserved',3),(103,'2018-02-23 06:42:08',103,8,'2018-04-14','2018-04-16',204.00,'Reserved',2),(104,'2018-02-23 22:53:55',104,5,'2018-05-10','2018-05-13',306.00,'Reserved',3),(105,'2018-02-23 01:44:27',105,3,'2018-03-28','2018-03-31',214.20,'Reserved',2),(106,'2018-02-23 16:43:28',106,5,'2018-03-18','2018-03-23',474.00,'Reserved',3),(107,'2018-02-24 22:44:52',107,3,'2018-06-02','2018-06-06',285.60,'Reserved',2),(108,'2018-02-24 09:51:29',108,3,'2018-02-27','2018-03-07',504.00,'Reserved',2),(109,'2018-02-26 20:03:17',109,8,'2018-06-04','2018-06-11',714.00,'Reserved',1),(110,'2018-02-26 19:04:29',110,8,'2018-03-17','2018-03-20',270.00,'Reserved',2),(111,'2018-02-27 03:08:36',111,4,'2018-04-27','2018-04-30',234.60,'Reserved',3),(112,'2018-02-27 14:21:40',112,3,'2018-05-29','2018-06-01',214.20,'Reserved',2),(113,'2018-02-28 19:58:51',113,3,'2018-04-20','2018-04-27',499.80,'Reserved',2),(114,'2018-02-28 11:54:52',114,4,'2018-05-01','2018-05-04',234.60,'Reserved',3),(115,'2018-02-28 11:49:37',115,2,'2018-05-31','2018-06-01',54.40,'Reserved',2),(116,'2018-03-01 12:26:08',116,2,'2018-04-07','2018-04-13',326.40,'Reserved',1),(117,'2018-03-01 18:35:43',117,2,'2018-05-11','2018-05-15',217.60,'Reserved',2),(118,'2018-03-02 11:11:11',118,3,'2018-05-04','2018-05-06',142.80,'Cancelled',1),(119,'2018-03-03 06:24:14',119,2,'2018-03-07','2018-03-10',144.00,'Reserved',2),(120,'2018-03-03 11:54:21',120,8,'2018-04-04','2018-04-11',714.00,'Reserved',2),(121,'2018-03-03 13:28:29',121,8,'2018-04-23','2018-04-28',510.00,'Reserved',2),(122,'2018-03-03 00:17:36',122,3,'2018-04-16','2018-04-18',142.80,'Reserved',1),(123,'2018-03-04 16:06:40',123,2,'2018-04-03','2018-04-07',217.60,'Reserved',1),(124,'2018-03-04 04:24:22',124,4,'2018-05-04','2018-05-12',625.60,'Reserved',3),(125,'2018-03-04 22:21:49',125,3,'2018-04-19','2018-04-26',499.80,'Reserved',2),(126,'2018-03-04 02:44:29',126,3,'2018-03-08','2018-03-09',63.00,'Reserved',1),(127,'2018-03-05 14:37:27',127,4,'2018-03-23','2018-03-26',234.60,'Reserved',3),(128,'2018-03-05 01:09:11',128,5,'2018-04-12','2018-04-20',816.00,'Reserved',3),(129,'2018-03-05 13:55:39',129,5,'2018-06-07','2018-06-13',612.00,'Reserved',3),(130,'2018-03-05 13:05:57',130,5,'2018-05-22','2018-05-23',102.00,'Reserved',3),(131,'2018-03-06 13:24:39',131,8,'2018-04-02','2018-04-04',204.00,'Cancelled',2),(132,'2018-03-06 16:19:49',132,8,'2018-05-06','2018-05-09',306.00,'Reserved',1),(133,'2018-03-06 10:00:51',133,2,'2018-05-30','2018-06-03',217.60,'Reserved',1),(134,'2018-03-06 15:09:31',134,5,'2018-05-11','2018-05-18',714.00,'Reserved',3),(135,'2018-03-07 05:27:51',135,3,'2018-04-11','2018-04-17',428.40,'Reserved',2),(136,'2018-03-08 20:07:51',136,4,'2018-04-13','2018-04-21',625.60,'Reserved',3),(137,'2018-03-08 11:45:08',137,8,'2018-04-04','2018-04-06',204.00,'Reserved',2),(138,'2018-03-09 03:59:09',138,2,'2018-03-18','2018-03-24',307.20,'Reserved',1),(139,'2018-03-09 02:31:12',139,4,'2018-04-04','2018-04-06',156.40,'Reserved',3),(140,'2018-03-10 01:46:21',140,8,'2018-03-31','2018-04-08',816.00,'Reserved',2),(141,'2018-03-10 22:15:42',141,8,'2018-03-15','2018-03-23',744.00,'Reserved',1),(142,'2018-03-10 18:59:07',142,3,'2018-04-17','2018-04-21',285.60,'Reserved',2),(143,'2018-03-11 15:50:43',143,2,'2018-04-29','2018-05-03',217.60,'Reserved',2),(144,'2018-03-11 20:25:29',144,3,'2018-05-07','2018-05-11',285.60,'Reserved',1),(145,'2018-03-11 01:55:00',145,4,'2018-03-16','2018-03-24',579.60,'Reserved',3),(146,'2018-03-11 17:52:40',146,5,'2018-03-23','2018-03-24',102.00,'Reserved',3),(147,'2018-03-12 02:49:42',147,3,'2018-06-05','2018-06-12',499.80,'Cancelled',2),(148,'2018-03-12 03:17:20',148,8,'2018-05-26','2018-05-27',102.00,'Reserved',1),(149,'2018-03-12 12:22:33',149,3,'2018-04-03','2018-04-05',142.80,'Reserved',1),(150,'2018-03-13 11:12:18',150,5,'2018-04-18','2018-04-24',612.00,'Reserved',3),(151,'2018-03-13 14:42:30',151,4,'2018-04-23','2018-05-01',625.60,'Reserved',3),(152,'2018-03-13 18:06:57',152,3,'2018-05-27','2018-05-31',285.60,'Reserved',1),(153,'2018-03-14 18:07:35',153,5,'2018-06-19','2018-06-21',204.00,'Reserved',3),(154,'2018-03-15 05:07:26',154,8,'2018-05-21','2018-05-24',306.00,'Reserved',1),(155,'2018-03-15 07:43:32',155,2,'2018-06-09','2018-06-10',54.40,'Reserved',1),(156,'2018-03-15 13:50:40',156,5,'2018-04-07','2018-04-14',714.00,'Reserved',3),(157,'2018-03-15 13:29:26',157,2,'2018-05-16','2018-05-18',108.80,'Reserved',2),(158,'2018-03-16 20:27:08',158,3,'2018-06-22','2018-06-24',168.00,'Reserved',1),(159,'2018-03-16 03:13:21',159,8,'2018-04-28','2018-05-05',714.00,'Reserved',2),(160,'2018-03-16 07:20:02',160,5,'2018-06-22','2018-06-29',840.00,'Reserved',3),(161,'2018-03-16 05:03:49',161,2,'2018-05-18','2018-05-24',326.40,'Reserved',2),(162,'2018-03-17 09:45:03',162,2,'2018-06-07','2018-06-08',54.40,'Reserved',1),(163,'2018-03-17 05:11:10',163,4,'2018-05-01','2018-05-07',469.20,'Reserved',3),(164,'2018-03-18 14:51:04',164,3,'2018-05-16','2018-05-21',357.00,'Reserved',2),(165,'2018-03-19 14:43:54',165,2,'2018-06-22','2018-06-27',320.00,'Reserved',2),(166,'2018-03-19 14:45:17',166,3,'2018-05-28','2018-06-01',285.60,'Reserved',1),(167,'2018-03-21 04:53:05',167,3,'2018-05-15','2018-05-20',357.00,'Reserved',2),(168,'2018-03-21 04:34:31',168,5,'2018-06-05','2018-06-08',306.00,'Reserved',3),(169,'2018-03-23 13:40:54',169,8,'2018-04-19','2018-04-20',102.00,'Reserved',2),(170,'2018-03-23 16:18:08',170,4,'2018-05-23','2018-05-27',312.80,'Reserved',3),(171,'2018-03-23 04:03:33',171,2,'2018-05-25','2018-06-01',380.80,'Reserved',2),(172,'2018-03-25 04:43:41',172,3,'2018-04-05','2018-04-10',357.00,'Reserved',1),(173,'2018-03-25 08:51:55',173,2,'2018-03-26','2018-03-31',272.00,'Reserved',2),(174,'2018-03-25 12:16:38',174,3,'2018-06-11','2018-06-12',71.40,'Reserved',2),(175,'2018-03-26 20:37:56',175,4,'2018-04-27','2018-05-04',547.40,'Reserved',3),(176,'2018-03-26 05:58:08',176,4,'2018-06-20','2018-06-27',630.20,'Reserved',3),(177,'2018-03-26 22:32:07',177,2,'2018-05-09','2018-05-11',108.80,'Reserved',2),(178,'2018-03-26 22:52:47',178,3,'2018-05-15','2018-05-20',357.00,'Reserved',1),(179,'2018-03-27 11:48:56',179,2,'2018-05-19','2018-05-22',163.20,'Reserved',1),(180,'2018-03-27 14:29:28',180,4,'2018-04-24','2018-04-26',156.40,'Reserved',3),(181,'2018-03-27 22:13:39',181,2,'2018-04-03','2018-04-08',272.00,'Reserved',2),(182,'2018-03-27 04:26:22',182,2,'2018-03-31','2018-04-04',217.60,'Cancelled',1),(183,'2018-03-28 03:54:54',183,8,'2018-05-07','2018-05-12',510.00,'Reserved',1),(184,'2018-03-28 18:01:18',184,4,'2018-04-27','2018-05-01',312.80,'Reserved',3),(185,'2018-03-28 03:46:36',185,4,'2018-05-17','2018-05-21',312.80,'Reserved',3),(186,'2018-03-29 11:22:23',186,3,'2018-06-13','2018-06-16',214.20,'Reserved',2),(187,'2018-03-29 10:02:14',187,3,'2018-05-07','2018-05-10',214.20,'Reserved',2),(188,'2018-03-29 17:39:01',188,3,'2018-05-20','2018-05-25',357.00,'Reserved',1),(189,'2018-03-30 14:38:04',189,3,'2018-05-13','2018-05-18',357.00,'Reserved',2),(190,'2018-03-30 18:57:47',190,3,'2018-04-20','2018-04-24',285.60,'Reserved',1),(191,'2018-03-30 22:11:09',191,4,'2018-05-25','2018-05-29',312.80,'Reserved',3),(192,'2018-03-30 06:34:19',192,3,'2018-07-06','2018-07-11',420.00,'Cancelled',2),(193,'2018-03-31 11:18:46',193,3,'2018-04-16','2018-04-21',357.00,'Reserved',2),(194,'2018-03-31 14:18:48',194,2,'2018-04-08','2018-04-10',108.80,'Cancelled',2),(195,'2018-03-31 06:09:07',195,3,'2018-07-03','2018-07-08',420.00,'Reserved',2),(196,'2018-03-31 14:03:31',196,8,'2018-06-13','2018-06-15',204.00,'Reserved',2),(197,'2018-04-01 01:38:22',197,4,'2018-05-17','2018-05-23',469.20,'Reserved',3),(198,'2018-04-01 03:44:33',198,3,'2018-05-09','2018-05-12',214.20,'Reserved',1),(199,'2018-04-01 01:23:54',199,4,'2018-05-11','2018-05-18',547.40,'Reserved',3),(200,'2018-04-04 18:47:10',200,2,'2018-04-06','2018-04-07',54.40,'Reserved',1),(201,'2018-04-05 08:26:34',201,4,'2018-05-12','2018-05-17',391.00,'Reserved',3),(202,'2018-04-06 15:30:44',202,3,'2018-05-04','2018-05-07',214.20,'Reserved',2),(203,'2018-04-06 06:44:51',203,8,'2018-06-25','2018-07-01',720.00,'Reserved',2),(204,'2018-04-07 17:36:20',204,8,'2018-06-28','2018-07-04',720.00,'Reserved',1),(205,'2018-04-08 17:10:21',205,2,'2018-04-21','2018-04-26',272.00,'Reserved',2),(206,'2018-04-09 19:21:57',206,8,'2018-06-25','2018-06-28',360.00,'Reserved',1),(207,'2018-04-09 06:13:58',207,4,'2018-04-20','2018-04-24',312.80,'Reserved',3),(208,'2018-04-09 17:32:12',208,3,'2018-07-11','2018-07-12',84.00,'Reserved',1),(209,'2018-04-11 16:47:36',209,5,'2018-05-15','2018-05-18',306.00,'Reserved',3),(210,'2018-04-12 10:15:21',210,8,'2018-05-01','2018-05-04',306.00,'Reserved',1),(211,'2018-04-13 20:15:43',211,5,'2018-05-16','2018-05-19',306.00,'Reserved',3),(212,'2018-04-13 21:01:50',212,3,'2018-07-06','2018-07-14',672.00,'Reserved',1),(213,'2018-04-14 01:02:05',213,5,'2018-05-28','2018-05-30',204.00,'Reserved',3),(214,'2018-04-14 12:09:39',214,2,'2018-04-20','2018-04-26',326.40,'Cancelled',1),(215,'2018-04-14 19:34:22',215,5,'2018-05-21','2018-05-23',204.00,'Reserved',3),(216,'2018-04-14 00:56:56',216,4,'2018-06-16','2018-06-17',78.20,'Reserved',3),(217,'2018-04-15 08:08:02',217,2,'2018-06-19','2018-06-27',492.80,'Reserved',1),(218,'2018-04-15 11:25:28',218,2,'2018-04-15','2018-04-16',54.40,'Reserved',2),(219,'2018-04-15 10:26:26',219,8,'2018-05-31','2018-06-06',612.00,'Reserved',2),(220,'2018-04-16 16:29:35',220,2,'2018-07-19','2018-07-20',64.00,'Cancelled',2),(221,'2018-04-17 22:39:13',221,5,'2018-04-23','2018-05-01',816.00,'Reserved',3),(222,'2018-04-17 09:56:29',222,2,'2018-06-17','2018-06-19',108.80,'Reserved',1),(223,'2018-04-18 15:57:13',223,4,'2018-07-04','2018-07-07',276.00,'Cancelled',3),(224,'2018-04-18 01:23:51',224,4,'2018-06-02','2018-06-10',625.60,'Reserved',3),(225,'2018-04-19 17:55:58',225,8,'2018-06-15','2018-06-22',732.00,'Reserved',2),(226,'2018-04-20 11:34:29',226,4,'2018-05-19','2018-05-27',625.60,'Cancelled',3),(227,'2018-04-20 18:12:20',227,3,'2018-06-10','2018-06-11',71.40,'Reserved',2),(228,'2018-04-21 08:35:27',228,3,'2018-04-30','2018-05-03',214.20,'Reserved',1),(229,'2018-04-21 10:40:35',229,5,'2018-05-31','2018-06-02',204.00,'Reserved',3),(230,'2018-04-21 12:46:16',230,2,'2018-05-26','2018-06-02',380.80,'Reserved',1),(231,'2018-04-21 06:02:11',231,5,'2018-07-29','2018-08-04',720.00,'Reserved',3),(232,'2018-04-22 11:09:52',232,4,'2018-05-30','2018-06-02',234.60,'Reserved',3),(233,'2018-04-23 09:57:18',233,8,'2018-07-29','2018-08-02',480.00,'Reserved',1),(234,'2018-04-23 00:23:52',234,5,'2018-05-05','2018-05-06',102.00,'Reserved',3),(235,'2018-04-23 17:16:34',235,3,'2018-07-05','2018-07-10',420.00,'Reserved',1),(236,'2018-04-23 03:21:18',236,4,'2018-06-02','2018-06-07',391.00,'Cancelled',3),(237,'2018-04-24 20:07:02',237,8,'2018-06-12','2018-06-14',204.00,'Reserved',1),(238,'2018-04-25 15:56:05',238,2,'2018-07-23','2018-07-31',512.00,'Reserved',2),(239,'2018-04-25 03:44:25',239,3,'2018-07-17','2018-07-24',588.00,'Reserved',2),(240,'2018-04-25 15:15:16',240,2,'2018-05-06','2018-05-09',163.20,'Reserved',1),(241,'2018-04-25 09:01:10',241,2,'2018-05-04','2018-05-11',380.80,'Reserved',2),(242,'2018-04-26 05:36:00',242,2,'2018-07-06','2018-07-10',256.00,'Reserved',2),(243,'2018-04-26 17:13:23',243,2,'2018-07-21','2018-07-23',128.00,'Reserved',2),(244,'2018-04-27 19:04:36',244,8,'2018-05-07','2018-05-08',102.00,'Reserved',2),(245,'2018-04-28 10:03:36',245,3,'2018-05-27','2018-05-31',285.60,'Reserved',1),(246,'2018-04-28 12:13:53',246,8,'2018-07-12','2018-07-13',120.00,'Reserved',2),(247,'2018-04-29 05:27:50',247,3,'2018-06-12','2018-06-15',214.20,'Reserved',2),(248,'2018-04-30 02:42:31',248,4,'2018-06-07','2018-06-08',78.20,'Reserved',3),(249,'2018-04-30 02:17:03',249,2,'2018-06-29','2018-07-03',256.00,'Reserved',2),(250,'2018-05-01 18:58:51',250,8,'2018-08-05','2018-08-13',960.00,'Reserved',1),(251,'2018-05-01 10:43:46',251,3,'2018-06-08','2018-06-09',71.40,'Reserved',1),(252,'2018-05-01 11:50:04',252,8,'2018-06-11','2018-06-17',612.00,'Reserved',1),(253,'2018-05-01 02:16:51',253,2,'2018-05-13','2018-05-18',272.00,'Reserved',1),(254,'2018-05-03 02:56:18',254,5,'2018-07-30','2018-08-04',600.00,'Reserved',3),(255,'2018-05-03 22:06:08',255,4,'2018-05-29','2018-06-05',547.40,'Reserved',3),(256,'2018-05-03 14:44:18',256,2,'2018-08-06','2018-08-10',256.00,'Reserved',2),(257,'2018-05-03 00:58:34',257,5,'2018-06-27','2018-06-29',240.00,'Reserved',3),(258,'2018-05-04 10:00:59',258,5,'2018-06-22','2018-06-24',240.00,'Reserved',3),(259,'2018-05-06 14:56:53',259,3,'2018-07-02','2018-07-08',504.00,'Reserved',1),(260,'2018-05-06 10:23:49',260,2,'2018-05-08','2018-05-14',326.40,'Cancelled',2),(261,'2018-05-06 07:29:27',261,2,'2018-06-14','2018-06-19',272.00,'Reserved',1),(262,'2018-05-07 09:32:23',262,4,'2018-05-21','2018-05-22',78.20,'Reserved',3),(263,'2018-05-08 11:01:01',263,8,'2018-06-23','2018-06-29',720.00,'Cancelled',1),(264,'2018-05-09 16:06:20',264,3,'2018-07-13','2018-07-19',504.00,'Reserved',2),(265,'2018-05-09 21:35:44',265,3,'2018-05-15','2018-05-21',428.40,'Reserved',1),(266,'2018-05-09 21:32:18',266,3,'2018-06-17','2018-06-25',621.60,'Reserved',1),(267,'2018-05-10 09:47:37',267,4,'2018-07-14','2018-07-15',92.00,'Reserved',3),(268,'2018-05-10 20:31:12',268,8,'2018-06-28','2018-07-05',840.00,'Reserved',2),(269,'2018-05-10 12:14:47',269,5,'2018-08-13','2018-08-14',120.00,'Reserved',3),(270,'2018-05-10 19:01:13',270,4,'2018-07-25','2018-07-27',184.00,'Reserved',3),(271,'2018-05-11 20:41:22',271,5,'2018-07-15','2018-07-17',240.00,'Reserved',3),(272,'2018-05-11 03:53:11',272,2,'2018-06-17','2018-06-23',345.60,'Reserved',1),(273,'2018-05-12 13:03:09',273,8,'2018-07-15','2018-07-23',960.00,'Cancelled',1),(274,'2018-05-13 09:57:05',274,5,'2018-05-23','2018-05-27',408.00,'Cancelled',3),(275,'2018-05-14 08:28:00',275,4,'2018-08-10','2018-08-18',736.00,'Reserved',3),(276,'2018-05-14 07:52:46',276,5,'2018-05-18','2018-05-25',714.00,'Reserved',3),(277,'2018-05-15 05:05:37',277,8,'2018-06-29','2018-07-07',960.00,'Reserved',2),(278,'2018-05-15 21:02:13',278,3,'2018-06-25','2018-06-27',168.00,'Reserved',1),(279,'2018-05-15 20:30:57',279,3,'2018-07-20','2018-07-21',84.00,'Reserved',2),(280,'2018-05-16 09:13:02',280,3,'2018-07-13','2018-07-14',84.00,'Cancelled',1),(281,'2018-05-16 09:36:39',281,3,'2018-08-04','2018-08-06',168.00,'Reserved',2),(282,'2018-05-16 09:33:39',282,4,'2018-08-01','2018-08-05',368.00,'Reserved',3),(283,'2018-05-16 01:29:36',283,2,'2018-06-21','2018-06-23',128.00,'Reserved',2),(284,'2018-05-19 04:41:53',284,5,'2018-07-17','2018-07-20',360.00,'Reserved',3),(285,'2018-05-19 14:58:15',285,2,'2018-08-07','2018-08-11',256.00,'Reserved',1),(286,'2018-05-21 11:45:27',286,4,'2018-07-18','2018-07-23',460.00,'Reserved',3),(287,'2018-05-21 04:30:38',287,8,'2018-07-22','2018-07-27',600.00,'Reserved',2),(288,'2018-05-22 17:11:25',288,3,'2018-07-31','2018-08-07',588.00,'Reserved',1),(289,'2018-05-22 03:41:11',289,4,'2018-07-11','2018-07-18',644.00,'Reserved',3),(290,'2018-05-22 02:08:12',290,8,'2018-06-26','2018-06-29',360.00,'Reserved',2),(291,'2018-05-22 04:14:48',291,2,'2018-06-09','2018-06-12',163.20,'Reserved',1),(292,'2018-05-23 04:15:02',292,5,'2018-08-27','2018-08-29',240.00,'Reserved',3),(293,'2018-05-23 05:00:01',293,4,'2018-08-27','2018-08-30',276.00,'Cancelled',3),(294,'2018-05-23 11:26:28',294,2,'2018-08-13','2018-08-14',64.00,'Reserved',2),(295,'2018-05-24 17:56:43',295,3,'2018-06-19','2018-06-27',646.80,'Cancelled',1),(296,'2018-05-24 12:08:45',296,3,'2018-08-20','2018-08-28',672.00,'Reserved',2),(297,'2018-05-24 08:59:49',297,8,'2018-07-28','2018-08-01',480.00,'Reserved',2),(298,'2018-05-25 19:01:09',298,3,'2018-07-13','2018-07-17',336.00,'Reserved',1),(299,'2018-05-25 01:07:34',299,8,'2018-08-09','2018-08-11',240.00,'Reserved',1),(300,'2018-05-27 09:40:07',300,5,'2018-05-27','2018-06-02',612.00,'Reserved',3),(301,'2018-05-30 09:09:21',301,2,'2018-07-20','2018-07-28',512.00,'Reserved',1),(302,'2018-05-30 05:26:38',302,3,'2018-06-10','2018-06-12',142.80,'Cancelled',2),(303,'2018-05-31 08:45:50',303,3,'2018-05-31','2018-06-01',71.40,'Reserved',1);
/*!40000 ALTER TABLE `Bookings` ENABLE KEYS */;
UNLOCK TABLES;

--
-- Table structure for table `Customers`
--

DROP TABLE IF EXISTS `Customers`;
/*!40101 SET @saved_cs_client     = @@character_set_client */;
/*!40101 SET character_set_client = utf8 */;
CREATE TABLE `Customers` (
  `Id` int(10) unsigned NOT NULL AUTO_INCREMENT,
  `Email` varchar(100) NOT NULL,
  `FirstName` varchar(100) NOT NULL,
  `LastName` varchar(100) NOT NULL,
  `Nationality` varchar(100) NOT NULL,
  `PhoneNumber` varchar(100) NOT NULL,
  PRIMARY KEY (`Id`),
  UNIQUE KEY `Email` (`Email`)
) ENGINE=InnoDB AUTO_INCREMENT=304 DEFAULT CHARSET=utf8mb4;
/*!40101 SET character_set_client = @saved_cs_client */;

--
-- Dumping data for table `Customers`
--

LOCK TABLES `Customers` WRITE;
/*!40000 ALTER TABLE `Customers` DISABLE KEYS */;
INSERT INTO `Customers` VALUES (1,'michael_norman@bizjournals.co.uk','MICHAEL','NORMAN','English','+44024793490'),(2,'brianna_poole@weather.com','BRIANNA','POOLE','English','+44965704918'),(3,'audrey_terrier@upenn.net','AUDREY','TERRIER','French','+33125748661'),(4,'lea_lemaitre@storify.fr','LÉA','LEMAITRE','French','+33576795284'),(5,'matheo_marchand@engadget.net','MATHÉO','MARCHAND','French','+33352573955'),(6,'gerard_meyer@fastcompany.net','GÉRARD','MEYER','French','+33105253297'),(7,'alexandra_noel@csmonitor.com','ALEXANDRA','NOEL','French','+33987543192'),(8,'ignacio_gonzalogaldos@engadget.net','IGNACIO','GONZALO GALDOS','Spanish','+34858302714'),(9,'mohamed_perezhernaiz@cdc.com','MOHAMED','PEREZ HERNAIZ','Spanish','+34474914997'),(10,'joachim_gay@accuweather.fr','JOACHIM','GAY','French','+33427367266'),(11,'juan_garciamayorgas@nymag.edu','JUAN','GARCIA MAYORGAS','Spanish','+34490076658'),(12,'andrew_armstrong@linkedin.co.uk','ANDREW','ARMSTRONG','English','+44551702134'),(13,'marta_rialubeda@weebly.es','MARTA','RIAL UBEDA','Spanish','+34404599152'),(14,'dylan_pujol@usa.fr','DYLAN','PUJOL','French','+33243752771'),(15,'joe_shah@businessweek.net','JOE','SHAH','English','+44693918657'),(16,'rebekah_abbott@eepurl.edu','REBEKAH','ABBOTT','English','+44527016794'),(17,'petra_camarerofernandez@nsw.es','PETRA','CAMARERO FERNANDEZ','Spanish','+34359836436'),(18,'matthis_raoul@people.net','MATTHIS','RAOUL','French','+33572539594'),(19,'william_duval@issuu.fr','WILLIAM','DUVAL','French','+33643500176'),(20,'andrew_young@newyorker.co.uk','ANDREW','YOUNG','English','+44405173033'),(21,'victoriano_martinezgomez@illinois.edu','VICTORIANO','MARTINEZ GOMEZ','Spanish','+34210392341'),(22,'andrew_moore@howstuffworks.co.uk','ANDREW','MOORE','English','+44354622509'),(23,'gerard_carlier@linkedin.fr','GÉRARD','CARLIER','French','+33104987835'),(24,'eddie_webb@marketwatch.com','EDDIE','WEBB','English','+44546472540'),(25,'aboubaker_martinezartiguez@hud.es','ABOUBAKER','MARTINEZ ARTIGUEZ','Spanish','+34973386280'),(26,'michael_davey@phoca.com','MICHAEL','DAVEY','English','+44256000304'),(27,'stephen_walton@technorati.com','STEPHEN','WALTON','English','+44034311485'),(28,'valentin_blot@purevolume.edu','VALENTIN','BLOT','French','+33052673235'),(29,'carol_jones@opensource.com','CAROL','JONES','English','+44252147535'),(30,'carlosmaria_esteverojo@dell.com','CARLOS MARIA','ESTEVE ROJO','Spanish','+34794175787'),(31,'caroline_harding@arstechnica.com','CAROLINE','HARDING','English','+44146424859'),(32,'lyubov_duquegomez@usnews.es','LYUBOV','DUQUE GOMEZ','Spanish','+34721575878'),(33,'tanguy_ollivier@icio.net','TANGUY','OLLIVIER','French','+33524941483'),(34,'estefania_rodriguezmartinez@xrea.com','ESTEFANIA','RODRIGUEZ MARTINEZ','Spanish','+34257520203'),(35,'mirennekane_grimauhu@sbwire.net','MIREN NEKANE','GRIMAU HU','Spanish','+34257700702'),(36,'raquel_serranomonllor@stumbleupon.edu','RAQUEL','SERRANO MONLLOR','Spanish','+34471095376'),(37,'aline_rodier@issuu.net','ALINE','RODIER','French','+33583942880'),(38,'andreapaola_sanchezvilla@imgur.es','ANDREA PAOLA','SANCHEZ VILLA','Spanish','+34413327765'),(39,'iker_veigavallina@google.com','IKER','VEIGA VALLINA','Spanish','+34439479087'),(40,'mustapha_cearamirez@prweb.net','MUSTAPHA','CEA RAMIREZ','Spanish','+34219624069'),(41,'mariafrancisca_murillobernia@chronoengine.net','MARIA FRANCISCA','MURILLO BERNIA','Spanish','+34073265533'),(42,'carol_whitehouse@businesswire.edu','CAROL','WHITEHOUSE','English','+44250941361'),(43,'luis_reboredolopez@wufoo.com','LUIS','REBOREDO LOPEZ','Spanish','+34431006652'),(44,'william_smith@gnu.com','WILLIAM','SMITH','English','+44854749445'),(45,'manuel_dieguezcantos@macromedia.net','MANUEL','DIEGUEZ CANTOS','Spanish','+34761954822'),(46,'frank_robinson@whitehouse.co.uk','FRANK','ROBINSON','English','+44832083139'),(47,'maelys_leberre@wunderground.edu','MAELYS','LE BERRE','French','+33863548653'),(48,'joseantonio_rodriguezgranero@smh.com','JOSE ANTONIO','RODRIGUEZ GRANERO','Spanish','+34385592412'),(49,'francisca_bernalnavarro@flavors.com','FRANCISCA','BERNAL NAVARRO','Spanish','+34477290435'),(50,'alan_gordon@time.edu','ALAN','GORDON','English','+44488509007'),(51,'cory_summers@aol.net','CORY','SUMMERS','English','+44449206974'),(52,'eduardoangel_vallerosgarcia@go.com','EDUARDO ANGEL','VALLEROS GARCIA','Spanish','+34676683056'),(53,'honorine_senechal@techcrunch.net','HONORINE','SENECHAL','French','+33093229588'),(54,'fuensanta_figueiraalamo@feedburner.edu','FUENSANTA','FIGUEIRA ALAMO','Spanish','+34155291720'),(55,'josepmaria_perdomomartinez@unesco.com','JOSEP MARIA','PERDOMO MARTINEZ','Spanish','+34254809823'),(56,'isabel_gomezllorens@loc.es','ISABEL','GOMEZ LLORENS','Spanish','+34227821612'),(57,'mariapilar_cortespujante@ed.com','MARIA PILAR','CORTES PUJANTE','Spanish','+34453614790'),(58,'tony_hall@nature.edu','TONY','HALL','English','+44256069863'),(59,'ann_hodgson@eepurl.edu','ANN','HODGSON','English','+44084484828'),(60,'lea_gervais@slashdot.fr','LÉA','GERVAIS','French','+33871500359'),(61,'esther_caballeroengra@ucoz.es','ESTHER','CABALLERO ENGRA','Spanish','+34759629094'),(62,'clayton_wallace@usatoday.co.uk','CLAYTON','WALLACE','English','+44677874075'),(63,'antoine_simon@hotmail.com','ANTOINE','SIMON','French','+33375304330'),(64,'lauren_ahmed@weibo.net','LAUREN','AHMED','English','+44743753625'),(65,'beatriz_fajardoalfaro@cargocollective.es','BEATRIZ','FAJARDO ALFARO','Spanish','+34092363840'),(66,'thomas_lamb@smh.net','THOMAS','LAMB','English','+44860913638'),(67,'yamna_dominguezsanpedro@unicef.es','YAMNA','DOMINGUEZ SAN PEDRO','Spanish','+34125042312'),(68,'carol_williams@java.co.uk','CAROL','WILLIAMS','English','+44419272901'),(69,'alexandra_scott@cmu.co.uk','ALEXANDRA','SCOTT','English','+44372955171'),(70,'derek_gallagher@youtube.com','DEREK','GALLAGHER','English','+44134641839'),(71,'nicolas_moulin@oakley.com','NICOLAS','MOULIN','French','+33056983460'),(72,'roberto_navarrobenavent@shareasale.net','ROBERTO','NAVARRO BENAVENT','Spanish','+34713267400'),(73,'sara_sanchezgarcia@stumbleupon.es','SARA','SANCHEZ GARCIA','Spanish','+34637100404'),(74,'celia_serratgonzalez@dmoz.net','CELIA','SERRAT GONZALEZ','Spanish','+34790096319'),(75,'franciscojavier_calleromartin@businesswire.com','FRANCISCO JAVIER','CALLERO MARTIN','Spanish','+34003130014'),(76,'andrew_thompson@woothemes.edu','ANDREW','THOMPSON','English','+44328942604'),(77,'elenamaria_counagodelsanto@tinypic.com','ELENA MARIA','COUÑAGO DEL SANTO','Spanish','+34974389771'),(78,'francisco_rafalessanchez@stanford.edu','FRANCISCO','RAFALES SANCHEZ','Spanish','+34481322389'),(79,'adrien_rey@lulu.fr','ADRIEN','REY','French','+33398832632'),(80,'spencer_hunt@fotki.com','SPENCER','HUNT','English','+44398585601'),(81,'lisa_martin@stumbleupon.net','LISA','MARTIN','French','+33822305910'),(82,'joseguillermo_balboaledesma@epa.net','JOSE GUILLERMO','BALBOA LEDESMA','Spanish','+34715534974'),(83,'antonia_graciaespinosa@ed.es','ANTONIA','GRACIA ESPINOSA','Spanish','+34442176341'),(84,'carol_andrews@etsy.co.uk','CAROL','ANDREWS','English','+44499548432'),(85,'william_girard@topsy.edu','WILLIAM','GIRARD','French','+33835739666'),(86,'dennis_kerr@tumblr.edu','DENNIS','KERR','English','+44585734226'),(87,'josefa_gomezrodriguez@washingtonpost.es','JOSEFA','GOMEZ RODRIGUEZ','Spanish','+34243298445'),(88,'brice_harris@phpbb.com','BRICE','HARRIS','English','+44448054449'),(89,'douglas_cartwright@loc.co.uk','DOUGLAS','CARTWRIGHT','English','+44690537569'),(90,'manuel_solanamartinez@census.es','MANUEL','SOLANA MARTINEZ','Spanish','+34811183613'),(91,'mikaela_petit@cnbc.com','MIKAELA','PETIT','French','+33230536664'),(92,'stephane_collet@cloudflare.com','STÉPHANE','COLLET','French','+33937649692'),(93,'pablo_perezcollazo@vinaora.edu','PABLO','PEREZ COLLAZO','Spanish','+34503048794'),(94,'christian_bates@fema.co.uk','CHRISTIAN','BATES','English','+44192580318'),(95,'martin_garner@msu.com','MARTIN','GARNER','English','+44690699328'),(96,'alizea_guerin@jiathis.edu','ALIZEA','GUERIN','French','+33318480782'),(97,'ainhoa_gomezgarcia@spiegel.net','AINHOA','GOMEZ GARCIA','Spanish','+34145184615'),(98,'bryce_connolly@comsenz.net','BRYCE','CONNOLLY','English','+44208447120'),(99,'eloy_riverorodriguez@eventbrite.es','ELOY','RIVERO RODRIGUEZ','Spanish','+34966624838'),(100,'lillie_patel@phoca.co.uk','LILLIE','PATEL','English','+44807971340'),(101,'alicia_morris@comcast.edu','ALICIA','MORRIS','English','+44646852723'),(102,'alexis_laporte@nifty.com','ALEXIS','LAPORTE','French','+33975772670'),(103,'vicente_romeroluengas@taobao.es','VICENTE','ROMERO LUENGAS','Spanish','+34285026979'),(104,'rodney_humphreys@gnu.co.uk','RODNEY','HUMPHREYS','English','+44341028124'),(105,'roberto_fernandeztenza@jalbum.es','ROBERTO','FERNANDEZ TENZA','Spanish','+34393354602'),(106,'joanna_taylor@paginegialle.co.uk','JOANNA','TAYLOR','English','+44441573562'),(107,'felicitas_fernandezperez@rediff.edu','FELICITAS','FERNANDEZ PEREZ','Spanish','+34194317558'),(108,'audrey_clark@techcrunch.edu','AUDREY','CLARK','English','+44557588172'),(109,'lilian_blin@loc.com','LILIAN','BLIN','French','+33172451005'),(110,'rocio_morillascamino@indiegogo.com','ROCIO','MORILLAS CAMINO','Spanish','+34612526805'),(111,'joe_cross@businessinsider.edu','JOE','CROSS','English','+44983348321'),(112,'joann_davies@printfriendly.co.uk','JOANN','DAVIES','English','+44742207544'),(113,'marius_lebris@mayoclinic.net','MARIUS','LE BRIS','French','+33632885635'),(114,'anthony_maury@java.fr','ANTHONY','MAURY','French','+33513293022'),(115,'arturo_rodriguezluna@freewebs.net','ARTURO','RODRIGUEZ LUNA','Spanish','+34624077345'),(116,'josepatrocinio_pabloperez@unc.es','JOSE PATROCINIO','PABLO PEREZ','Spanish','+34118077245'),(117,'dillon_rogers@list-manage.net','DILLON','ROGERS','English','+44819765372'),(118,'rafael_trigoarias@kickstarter.com','RAFAEL','TRIGO ARIAS','Spanish','+34425596724'),(119,'johnny_watson@jalbum.co.uk','JOHNNY','WATSON','English','+44182937152'),(120,'blanca_martinezpina@engadget.es','BLANCA','MARTINEZ PIÑA','Spanish','+34299156917'),(121,'mariaalmudena_castroalegria@reuters.es','MARIA ALMUDENA','CASTRO ALEGRIA','Spanish','+34867876242'),(122,'jennifer_harris@pbs.co.uk','JENNIFER','HARRIS','English','+44378944866'),(123,'gerard_courtois@msn.net','GÉRARD','COURTOIS','French','+33538852705'),(124,'juan_sanchezgumiel@de.net','JUAN','SANCHEZ GUMIEL','Spanish','+34276079588'),(125,'marialuisa_garciamas@i2i.es','MARIA LUISA','GARCIA MAS','Spanish','+34003573886'),(126,'clara_vidal@ed.fr','CLARA','VIDAL','French','+33602567329'),(127,'miren_delgadobiosca@themeforest.es','MIREN','DELGADO BIOSCA','Spanish','+34869950245'),(128,'luis_tojacasas@nationalgeographic.net','LUIS','TOJA CASAS','Spanish','+34511954800'),(129,'charles_james@dailymotion.co.uk','CHARLES','JAMES','English','+44362101158'),(130,'edwin_green@mapquest.co.uk','EDWIN','GREEN','English','+44924095819'),(131,'conrado_alberchjurado@dmoz.edu','CONRADO','ALBERCH JURADO','Spanish','+34217039853'),(132,'juan_avecillamangano@purevolume.es','JUAN','AVECILLA MANGANO','Spanish','+34228158168'),(133,'rebecca_bailey@feedburner.co.uk','REBECCA','BAILEY','English','+44502077590'),(134,'emilie_morice@who.int.edu','EMILIE','MORICE','French','+33980969414'),(135,'melissa_dubois@psu.fr','MÉLISSA','DUBOIS','French','+33198351235'),(136,'shane_jackson@apple.com','SHANE','JACKSON','English','+44137162812'),(137,'yohann_poisson@lulu.net','YOHANN','POISSON','French','+33993652622'),(138,'audrey_vigneron@altervista.fr','AUDREY','VIGNERON','French','+33489996400'),(139,'javiersantiago_ramarestrepo@squidoo.es','JAVIER SANTIAGO','RAMA RESTREPO','Spanish','+34880150162'),(140,'louise_laroche@vimeo.fr','LOUISE','LAROCHE','French','+33539045164'),(141,'thomas_lebras@google.edu','THOMAS','LE BRAS','French','+33288768282'),(142,'nicholas_davies@feedburner.edu','NICHOLAS','DAVIES','English','+44363685060'),(143,'bernardo_veloperea@smh.com','BERNARDO','VELO PEREA','Spanish','+34985017329'),(144,'olga_pousotouil@oracle.es','OLGA','POUSO TOUIL','Spanish','+34543048525'),(145,'alex_perezgonzalez@privacy.es','ALEX','PEREZ GONZALEZ','Spanish','+34179037876'),(146,'encarnacion_morenogarcia@ow.es','ENCARNACION','MORENO GARCIA','Spanish','+34980977602'),(147,'sarah_collins@umn.edu','SARAH','COLLINS','English','+44888336677'),(148,'gwendolyn_watkins@zdnet.co.uk','GWENDOLYN','WATKINS','English','+44040281638'),(149,'linda_duffy@multiply.net','LINDA','DUFFY','English','+44185030513'),(150,'julie_granier@nhs.fr','JULIE','GRANIER','French','+33120806947'),(151,'sergi_delriosanz@theglobeandmail.edu','SERGI','DEL RIO SANZ','Spanish','+34096820828'),(152,'josemanuel_torrejonpedraza@gmail.com','JOSE MANUEL','TORREJON PEDRAZA','Spanish','+34530647734'),(153,'nuria_basurtoortega@nyu.net','NURIA','BASURTO ORTEGA','Spanish','+34243739092'),(154,'margot_lebris@narod.com','MARGOT','LE BRIS','French','+33258568369'),(155,'gonzalo_rodriguezarcas@surveymonkey.es','GONZALO','RODRIGUEZ ARCAS','Spanish','+34790505691'),(156,'juanantonio_gonzalezvillalon@chronoengine.es','JUAN ANTONIO','GONZALEZ VILLALON','Spanish','+34773860592'),(157,'leo_sabatier@ehow.com','LÉO','SABATIER','French','+33619933878'),(158,'idalina_cutillasfidalgo@wikipedia.com','IDALINA','CUTILLAS FIDALGO','Spanish','+34407873919'),(159,'tanguy_rolland@arizona.com','TANGUY','ROLLAND','French','+33930595166'),(160,'carol_donnelly@moonfruit.co.uk','CAROL','DONNELLY','English','+44300501114'),(161,'melody_ollivier@time.fr','MELODY','OLLIVIER','French','+33099048493'),(162,'mariamar_iglesiasmartinez@plala.edu','MARIA MAR','IGLESIAS MARTINEZ','Spanish','+34641074779'),(163,'aurora_luquesoriano@wunderground.es','AURORA','LUQUE SORIANO','Spanish','+34184063739'),(164,'clement_deville@dailymail.net','CLÉMENT','DEVILLE','French','+33564237870'),(165,'andy_villette@techcrunch.fr','ANDY','VILLETTE','French','+33607289546'),(166,'florin_nuneztoca@hao123.net','FLORIN','NUÑEZ TOCA','Spanish','+34724523924'),(167,'sarah_smith@goo.edu','SARAH','SMITH','English','+44946046175'),(168,'brianna_thomas@cbsnews.com','BRIANNA','THOMAS','English','+44708543020'),(169,'prescillia_richard@wunderground.net','PRESCILLIA','RICHARD','French','+33025568631'),(170,'isabel_vinasperez@wufoo.es','ISABEL','VIÑAS PEREZ','Spanish','+34788462996'),(171,'franciscojavier_penalbabarcos@i2i.net','FRANCISCO JAVIER','PEÑALBA BARCOS','Spanish','+34639407795'),(172,'vanesa_campoytorrijos@hc360.es','VANESA','CAMPOY TORRIJOS','Spanish','+34137086848'),(173,'adrian_herediavico@csmonitor.edu','ADRIAN','HEREDIA VICO','Spanish','+34124640438'),(174,'miguelangel_uribarririoboo@woothemes.edu','MIGUEL ANGEL','URIBARRI RIOBOO','Spanish','+34242627216'),(175,'elisa_hubert@hao123.com','ELISA','HUBERT','French','+33954151485'),(176,'maya_leon@issuu.net','MAYA','LEON','French','+33557716652'),(177,'arthur_hardy@privacy.net','ARTHUR','HARDY','French','+33908435121'),(178,'tristan_delaunay@sourceforge.fr','TRISTAN','DELAUNAY','French','+33963308159'),(179,'sarah_freeman@hc360.net','SARAH','FREEMAN','English','+44375977989'),(180,'marine_carlier@npr.fr','MARINE','CARLIER','French','+33816419600'),(181,'timothy_marshall@acquirethisname.co.uk','TIMOTHY','MARSHALL','English','+44781118053'),(182,'pedro_romeromartinez@thetimes.edu','PEDRO','ROMERO MARTINEZ','Spanish','+34475521253'),(183,'lucas_fournier@msn.fr','LUCAS','FOURNIER','French','+33105767635'),(184,'sandy_faure@furl.com','SANDY','FAURE','French','+33786662888'),(185,'gerard_etienne@cornell.fr','GÉRARD','ETIENNE','French','+33762455273'),(186,'michael_hartley@eventbrite.co.uk','MICHAEL','HARTLEY','English','+44900000262'),(187,'oceanne_roy@phpbb.fr','OCEANNE','ROY','French','+33488502722'),(188,'quentin_faucher@simplemachines.edu','QUENTIN','FAUCHER','French','+33775594731'),(189,'sarah_joly@loc.fr','SARAH','JOLY','French','+33684402501'),(190,'joffrey_levy@umn.com','JOFFREY','LEVY','French','+33731308390'),(191,'lauren_arnold@msn.co.uk','LAUREN','ARNOLD','English','+44749804272'),(192,'aintzane_arnauumana@springer.es','AINTZANE','ARNAU UMAÑA','Spanish','+34163698566'),(193,'mallory_singh@netscape.net','MALLORY','SINGH','English','+44294337151'),(194,'julianne_bernard@geocities.com','JULIANNE','BERNARD','French','+33887178454'),(195,'angeles_arquerospenedo@statcounter.edu','ANGELES','ARQUEROS PENEDO','Spanish','+34525367774'),(196,'rosa_casuladiaz@spiegel.edu','ROSA','CASULA DIAZ','Spanish','+34733882548'),(197,'gloria_naranjonegrete@feedburner.edu','GLORIA','NARANJO NEGRETE','Spanish','+34692969363'),(198,'aglae_ferry@prweb.fr','AGLAE','FERRY','French','+33314530401'),(199,'melody_page@cnbc.com','MELODY','PAGE','English','+44424902948'),(200,'saturnino_martineznavarro@nationalgeographic.edu','SATURNINO','MARTINEZ NAVARRO','Spanish','+34853709944'),(201,'joseramon_alonsolopez@prnewswire.com','JOSE RAMON','ALONSO LOPEZ','Spanish','+34500891823'),(202,'frances_dobson@imdb.edu','FRANCES','DOBSON','English','+44928811647'),(203,'rebecca_hawkins@studiopress.net','REBECCA','HAWKINS','English','+44934619939'),(204,'benjamin_arnoux@shop-pro.net','BENJAMIN','ARNOUX','French','+33817632835'),(205,'ana_fernandezruiz@hatena.com','ANA','FERNANDEZ RUIZ','Spanish','+34038586128'),(206,'raul_vivesaldaz@nationalgeographic.es','RAUL','VIVES ALDAZ','Spanish','+34231749895'),(207,'andrea_felgueraraposo@hp.es','ANDREA','FELGUERA RAPOSO','Spanish','+34400779585'),(208,'ruben_harutyunyanbergas@cdbaby.es','RUBEN','HARUTYUNYAN BERGAS','Spanish','+34013995522'),(209,'mariana_ovejaselidrissi@nymag.edu','MARIANA','OVEJAS EL IDRISSI','Spanish','+34909056408'),(210,'brenda_adams@livejournal.edu','BRENDA','ADAMS','English','+44361878370'),(211,'rayane_rossignol@mysql.edu','RAYANE','ROSSIGNOL','French','+33352486269'),(212,'franciscoagustin_jimenezgato@elpais.es','FRANCISCO AGUSTIN','JIMENEZ GATO','Spanish','+34972181048'),(213,'susana_belokicamprubi@huffingtonpost.es','SUSANA','BELOKI CAMPRUBI','Spanish','+34882093541'),(214,'heloise_bastien@ucoz.net','HÉLOÏSE','BASTIEN','French','+33406404866'),(215,'barbara_baker@nih.edu','BARBARA','BAKER','English','+44868254139'),(216,'fernandoangel_rossellojimenez@unesco.net','FERNANDO ANGEL','ROSSELLO JIMENEZ','Spanish','+34625227641'),(217,'constantina_vidalamador@weibo.com','CONSTANTINA','VIDAL AMADOR','Spanish','+34663184312'),(218,'thomas_hayward@plala.net','THOMAS','HAYWARD','English','+44019472508'),(219,'claudiaisabel_vergeperez@utexas.com','CLAUDIA ISABEL','VERGE PEREZ','Spanish','+34216658549'),(220,'tom_tournier@cyberchimps.edu','TOM','TOURNIER','French','+33365088605'),(221,'melvyn_ramos@twitpic.com','MELVYN','RAMOS','French','+33951258563'),(222,'isabel_canterocastro@tamu.edu','ISABEL','CANTERO CASTRO','Spanish','+34652756678'),(223,'george_barker@merriam-webster.com','GEORGE','BARKER','English','+44580418299'),(224,'adrian_burke@uiuc.net','ADRIAN','BURKE','English','+44889144859'),(225,'enol_gallardolopera@dion.es','ENOL','GALLARDO LOPERA','Spanish','+34190179933'),(226,'rebeca_herediaalonso@nytimes.com','REBECA','HEREDIA ALONSO','Spanish','+34093567621'),(227,'franciscojavier_delafuentegomera@symantec.es','FRANCISCO JAVIER','DE LA FUENTE GOMERA','Spanish','+34168280186'),(228,'melanie_caillaud@booking.edu','MÉLANIE','CAILLAUD','French','+33806218814'),(229,'sara_sirventgarcia@creativecommons.edu','SARA','SIRVENT GARCIA','Spanish','+34408579899'),(230,'natalia_corralesserroukh@craigslist.net','NATALIA','CORRALES SERROUKH','Spanish','+34083272400'),(231,'armand_picard@bravesites.fr','ARMAND','PICARD','French','+33975634478'),(232,'kenza_valleruiz@free.edu','KENZA','VALLE RUIZ','Spanish','+34062753891'),(233,'joseantonio_galvanbarrantes@free.es','JOSE ANTONIO','GALVAN BARRANTES','Spanish','+34729548218'),(234,'lauren_jordan@fastcompany.com','LAUREN','JORDAN','English','+44468458083'),(235,'sarah_davies@nsw.edu','SARAH','DAVIES','English','+44930874651'),(236,'mathieu_peres@bloglines.fr','MATHIEU','PERES','French','+33717775361'),(237,'marilys_marion@canalblog.fr','MARILYS','MARION','French','+33038144353'),(238,'jaime_deuderoclaure@google.es','JAIME','DEUDERO CLAURE','Spanish','+34721926908'),(239,'diego_martin@acquirethisname.fr','DIEGO','MARTIN','French','+33281374022'),(240,'inesesperanza_fernandezfernandez@biglobe.net','INES ESPERANZA','FERNANDEZ FERNANDEZ','Spanish','+34001312047'),(241,'theo_sanchez@typepad.fr','THÉO','SANCHEZ','French','+33001083253'),(242,'cloe_dacosta@fc2.fr','CLOE','DA COSTA','French','+33249268075'),(243,'gerard_dubois@phpbb.edu','GÉRARD','DUBOIS','French','+33768074318'),(244,'daniel_brown@dailymail.edu','DANIEL','BROWN','English','+44759353475'),(245,'thomas_cook@yellowpages.co.uk','THOMAS','COOK','English','+44101621265'),(246,'walide_roy@time.edu','WALIDE','ROY','French','+33924873083'),(247,'cassandre_bardet@biglobe.edu','CASSANDRE','BARDET','French','+33494867936'),(248,'andrew_taylor@booking.co.uk','ANDREW','TAYLOR','English','+44919477528'),(249,'lauren_miller@fema.co.uk','LAUREN','MILLER','English','+44185599482'),(250,'andrew_watson@scribd.co.uk','ANDREW','WATSON','English','+44438499707'),(251,'marie-amelie_aubert@newsvine.fr','MARIE-AMÉLIE','AUBERT','French','+33987521754'),(252,'adrien_ruiz@slideshare.fr','ADRIEN','RUIZ','French','+33141696918'),(253,'laura_cortsvicente@discuz.es','LAURA','CORTS VICENTE','Spanish','+34475900596'),(254,'mariabelen_martinezbendala@mapy.es','MARIA BELEN','MARTINEZ BENDALA','Spanish','+34134496269'),(255,'mariacarmen_blancolado@people.es','MARIA CARMEN','BLANCO LADO','Spanish','+34966888772'),(256,'aidan_gill@delicious.edu','AIDAN','GILL','English','+44519447707'),(257,'gerard_michel@delicious.fr','GÉRARD','MICHEL','French','+33932913561'),(258,'joaomiguel_martinbondia@arizona.es','JOAO MIGUEL','MARTIN BONDIA','Spanish','+34353288633'),(259,'juanjose_gomezruano@ifeng.com','JUAN JOSE','GOMEZ RUANO','Spanish','+34655743475'),(260,'antonia_torillahosa@plala.es','ANTONIA','TORIL LAHOSA','Spanish','+34930596478'),(261,'david_saavedrapardo@reference.es','DAVID','SAAVEDRA PARDO','Spanish','+34805348847'),(262,'alfredo_munozdelaluz@storify.com','ALFREDO','MUÑOZ DE LA LUZ','Spanish','+34237595343'),(263,'benjamin_bertin@toplist.fr','BENJAMIN','BERTIN','French','+33633480540'),(264,'sony_jean@weather.fr','SONY','JEAN','French','+33509988623'),(265,'mariajesus_gomezbalboa@forbes.es','MARIA JESUS','GOMEZ BALBOA','Spanish','+34580293093'),(266,'rodney_murray@list-manage.co.uk','RODNEY','MURRAY','English','+44952551361'),(267,'cristobal_perezrio@nature.es','CRISTOBAL','PEREZ RIO','Spanish','+34410064211'),(268,'marine_girard@columbia.fr','MARINE','GIRARD','French','+33781687162'),(269,'carol_nicholls@quantcast.edu','CAROL','NICHOLLS','English','+44195721568'),(270,'eduardalexandru_abancobarroso@barnesandnoble.es','EDUARD ALEXANDRU','ABANCO BARROSO','Spanish','+34579368673'),(271,'linda_lelievre@sitemeter.net','LINDA','LELIEVRE','French','+33842340579'),(272,'spencer_phillips@dmoz.co.uk','SPENCER','PHILLIPS','English','+44403118379'),(273,'brian_webb@gmail.co.uk','BRIAN','WEBB','English','+44243810671'),(274,'johnathan_robinson@twitter.edu','JOHNATHAN','ROBINSON','English','+44549750821'),(275,'rodney_davies@apple.com','RODNEY','DAVIES','English','+44965799775'),(276,'jerry_nguyen@mayoclinic.fr','JERRY','NGUYEN','French','+33077718974'),(277,'victor_lagarde@i2i.net','VICTOR','LAGARDE','French','+33378020098'),(278,'mariajesus_sanchezguerrero@artisteer.net','MARIA JESUS','SANCHEZ GUERRERO','Spanish','+34415782334'),(279,'sharon_briggs@nyu.net','SHARON','BRIGGS','English','+44538685951'),(280,'katy_davis@netscape.edu','KATY','DAVIS','English','+44651115518'),(281,'idrissa_gomezmacias@parallels.edu','IDRISSA','GOMEZ MACIAS','Spanish','+34065195219'),(282,'miguelangel_fornasromero@bing.es','MIGUEL ANGEL','FORNAS ROMERO','Spanish','+34113736772'),(283,'gabrielalexis_guevaramartin@aol.com','GABRIEL ALEXIS','GUEVARA MARTIN','Spanish','+34325205155'),(284,'florent_coulon@printfriendly.fr','FLORENT','COULON','French','+33880444749'),(285,'encarnacion_moscardotovar@linkedin.edu','ENCARNACION','MOSCARDO TOVAR','Spanish','+34879293210'),(286,'carlos_ibarragonzalez@cyberchimps.es','CARLOS','IBARRA GONZALEZ','Spanish','+34666954663'),(287,'sarah_armstrong@clickbank.co.uk','SARAH','ARMSTRONG','English','+44087960638'),(288,'cody_boyle@github.net','CODY','BOYLE','English','+44542127894'),(289,'mariacarmen_soriaruizdealegria@blinklist.com','MARIA CARMEN','SORIA RUIZ DE ALEGRIA','Spanish','+34265222484'),(290,'lluc_diazrodriguez@webeden.edu','LLUC','DIAZ RODRIGUEZ','Spanish','+34749770892'),(291,'stephen_smith@acquirethisname.co.uk','STEPHEN','SMITH','English','+44436039850'),(292,'sarah_harvey@amazonaws.edu','SARAH','HARVEY','English','+44474516122'),(293,'julien_leray@jimdo.fr','JULIEN','LERAY','French','+33081638951'),(294,'lea_gross@stumbleupon.fr','LÉA','GROSS','French','+33222340034'),(295,'eva_fontaine@accuweather.fr','EVA','FONTAINE','French','+33394495075'),(296,'adrian_simpson@apple.net','ADRIAN','SIMPSON','English','+44069821250'),(297,'robert_jackson@last.fm.co.uk','ROBERT','JACKSON','English','+44655719520'),(298,'antonio_pallisaillescas@myspace.es','ANTONIO','PALLISA ILLESCAS','Spanish','+34852949850'),(299,'travis_martin@bluehost.net','TRAVIS','MARTIN','English','+44330752200'),(300,'brittnee_jones@nsw.co.uk','BRITTNEE','JONES','English','+44275662392'),(301,'david_wilson@mediafire.com','DAVID','WILSON','English','+44684649142'),(302,'lauren_whitehouse@hexun.co.uk','LAUREN','WHITEHOUSE','English','+44383965855'),(303,'joe_shepherd@photobucket.co.uk','JOE','SHEPHERD','English','+44018514416');
/*!40000 ALTER TABLE `Customers` ENABLE KEYS */;
UNLOCK TABLES;

--
-- Table structure for table `Facilities`
--

DROP TABLE IF EXISTS `Facilities`;
/*!40101 SET @saved_cs_client     = @@character_set_client */;
/*!40101 SET character_set_client = utf8 */;
CREATE TABLE `Facilities` (
  `Id` int(10) unsigned NOT NULL AUTO_INCREMENT,
  `Name` varchar(100) NOT NULL,
  PRIMARY KEY (`Id`),
  UNIQUE KEY `Name` (`Name`)
) ENGINE=InnoDB AUTO_INCREMENT=11 DEFAULT CHARSET=utf8mb4;
/*!40101 SET character_set_client = @saved_cs_client */;

--
-- Dumping data for table `Facilities`
--

LOCK TABLES `Facilities` WRITE;
/*!40000 ALTER TABLE `Facilities` DISABLE KEYS */;
INSERT INTO `Facilities` VALUES (9,'Air conditioner'),(7,'Carpeted'),(4,'City view'),(5,'Flat-screen TV'),(3,'Heating'),(1,'Private bathroom'),(6,'Sofa'),(8,'Soundproofing'),(2,'Telephone'),(10,'WIFI');
/*!40000 ALTER TABLE `Facilities` ENABLE KEYS */;
UNLOCK TABLES;

--
-- Table structure for table `Hosts`
--

DROP TABLE IF EXISTS `Hosts`;
/*!40101 SET @saved_cs_client     = @@character_set_client */;
/*!40101 SET character_set_client = utf8 */;
CREATE TABLE `Hosts` (
  `Id` int(10) unsigned NOT NULL AUTO_INCREMENT,
  `DocType` varchar(20) NOT NULL,
  `DocNumber` varchar(20) NOT NULL,
  `FirstName` varchar(100) NOT NULL,
  `LastName` varchar(100) NOT NULL,
  `Nationality` varchar(100) NOT NULL,
  PRIMARY KEY (`Id`),
  UNIQUE KEY `DocNumber` (`DocNumber`)
) ENGINE=InnoDB AUTO_INCREMENT=616 DEFAULT CHARSET=utf8mb4;
/*!40101 SET character_set_client = @saved_cs_client */;

--
-- Dumping data for table `Hosts`
--

LOCK TABLES `Hosts` WRITE;
/*!40000 ALTER TABLE `Hosts` DISABLE KEYS */;
INSERT INTO `Hosts` VALUES (1,'National ID','33326912G','MARTA','RIAL UBEDA','Spanish'),(2,'National ID','06411315L','ASUNCION','ACOSTA BOLAÑOS','Spanish'),(3,'Passport','96666336','LAUREN','BAKER','English'),(4,'National ID','933787104519','GÉRARD','MEYER','French'),(5,'National ID','543865489890','HANNA','BOURGEOIS','French'),(6,'Passport','89381313','CAROL','HOLLAND','English'),(7,'National ID','73894416Q','RAQUEL','SERRANO MONLLOR','Spanish'),(8,'National ID','36846934Z','PEDRO','GARCIA CHATO','Spanish'),(9,'Passport','89400821','MICHAEL','PRATT','English'),(10,'Passport','188557408','ANDREW','ROBERTS','English'),(11,'Passport','65124705','BRIANNA','POOLE','English'),(12,'National ID','883234012983','KENZA','PAYET','French'),(13,'Passport','494403187','ANDREW','ARMSTRONG','English'),(14,'National ID','031337815908','GÉRARD','GIRAULT','French'),(15,'Passport','18394038','MELANIE','PARKINSON','English'),(16,'Passport','18704026','CAROLINE','HARDING','English'),(17,'National ID','644826440205','ALIOCHA','GUY','French'),(18,'National ID','339148206851','GÉRARD','CARLIER','French'),(19,'National ID','25971591Z','MARIA CARMEN','RECUENCO MOTA','Spanish'),(20,'National ID','801786725907','ALINE','RODIER','French'),(21,'National ID','660159509113','CHARLES','TANGUY','French'),(22,'National ID','11646163K','ABDULLAH','LINARES JIMENEZ','Spanish'),(23,'National ID','75113440V','JUAN','GARCIA MAYORGAS','Spanish'),(24,'Passport','617227883','DEREK','HIGGINS','English'),(25,'National ID','47409838F','ANDREA','ROCHE TELLO','Spanish'),(26,'National ID','67894405S','LYUBOV','DUQUE GOMEZ','Spanish'),(27,'National ID','971299343253','JORIS','THOMAS','French'),(28,'National ID','44566239J','EDUARDO ANGEL','VALLEROS GARCIA','Spanish'),(29,'National ID','612002329497','CAMILLE','LEMAIRE','French'),(30,'Passport','223932282','CAROL','WILLIAMS','English'),(31,'Passport','784163353','TYREL','SIMPSON','English'),(32,'National ID','66888302R','LUISA','LEAL OTTO','Spanish'),(33,'Passport','759997102','ANDREW','CLARKE','English'),(34,'National ID','040007383751','MAELYS','LE BERRE','French'),(35,'National ID','873111031394','MARGOT','LEROY','French'),(36,'National ID','027565973050','NICOLAS','MOULIN','French'),(37,'Passport','18538396','JOSUE','HALL','English'),(38,'National ID','834222967780','LAURA','SIMON','French'),(39,'Passport','392212186','ALEXANDRA','SCOTT','English'),(40,'National ID','40307174L','JOAN','ESCORTELL CONESA','Spanish'),(41,'Passport','443726175','WANDA','BURGESS','English'),(42,'National ID','92398267E','MARIA ISABEL','FRANCO GUERRAS','Spanish'),(43,'National ID','291788945318','STÉPHANE','COLLET','French'),(44,'National ID','040044925750','MARINE','RICARD','French'),(45,'National ID','709773181350','MATHILDE','BRAUN','French'),(46,'National ID','51471014G','CONCEPCION','GARCIA GOMEZ','Spanish'),(47,'National ID','53883468B','MUSTAPHA','CEA RAMIREZ','Spanish'),(48,'National ID','48055448F','MERCEDES','TORRES SANCHEZ','Spanish'),(49,'National ID','639704675588','MAXIME','LEGENDRE','French'),(50,'National ID','98909205M','VICTORIANO','MENDEZ PRIETO','Spanish'),(51,'National ID','28218806Z','MANUEL','SOLANA MARTINEZ','Spanish'),(52,'National ID','60119874J','LIHER','GARCIA CACERES','Spanish'),(53,'Passport','27033122','KATE','ADAMS','English'),(54,'Passport','189941276','JOE','SHAH','English'),(55,'National ID','095826554695','LORRAINE','GAUTHIER','French'),(56,'National ID','93487170J','GERHARD','LOPEZ MARIN','Spanish'),(57,'Passport','716054856','BARBARA','WELLS','English'),(58,'National ID','81164972L','LUIS','REBOREDO LOPEZ','Spanish'),(59,'National ID','330380105285','ENZO','FAVIER','French'),(60,'National ID','25069234Q','JOSE JAVIER','FERNANDEZ AGEA','Spanish'),(61,'National ID','24782389G','ESTEFANIA','RODRIGUEZ MARTINEZ','Spanish'),(62,'National ID','48429577H','JUAN PEDRO','MOSQUERA GONZALEZ','Spanish'),(63,'National ID','81470936Z','LAURA','SANCHEZ LOPERA','Spanish'),(64,'National ID','75713470T','AGUEDA','REKALDE CONTRERAS','Spanish'),(65,'National ID','452247496101','ADRIEN','REY','French'),(66,'National ID','309423975259','CAMILLE','MICHEL','French'),(67,'National ID','96184792B','ELENA MARIA','COUÑAGO DEL SANTO','Spanish'),(68,'National ID','949972955428','SOPHIE','GUILLOU','French'),(69,'National ID','739394103834','SAADI','MACE','French'),(70,'National ID','73261834A','ABDELHAMID','LLOMPART CRUZ','Spanish'),(71,'Passport','75521024','CAROL','ANDREWS','English'),(72,'National ID','24484004K','DIEGO','NIETO VALIENTE','Spanish'),(73,'National ID','49967397N','ISABEL','ANGELINI COSCOJUELA','Spanish'),(74,'National ID','20733560A','MELQUIADES','ROMERO GUIRAO','Spanish'),(75,'Passport','266318709','DOUGLAS','CARTWRIGHT','English'),(76,'National ID','29781188Y','IGNACIO','MATOS ALONSO','Spanish'),(77,'Passport','88895632','HAROLD','WILLIAMS','English'),(78,'Passport','41366327','AUDREY','CLARK','English'),(79,'National ID','269361081005','PAULINE','CLEMENT','French'),(80,'National ID','88158647S','MARIA MAR','ARBEO GONZALEZ','Spanish'),(81,'National ID','706579388145','MATTHIS','RAOUL','French'),(82,'National ID','350780139876','CLÉMENT','REBOUL','French'),(83,'National ID','69422659B','MARIA LUISA','AROCA GARCIA','Spanish'),(84,'National ID','874124830178','LILOU','GUY','French'),(85,'National ID','47351887Q','YAMNA','DOMINGUEZ SAN PEDRO','Spanish'),(86,'National ID','31528399E','MARIA CARMEN','FERNANDEZ SALINAS','Spanish'),(87,'National ID','66423401E','BENJAMIN','GOMES PEREZ','Spanish'),(88,'National ID','46030877B','IGNACIO','GONZALO GALDOS','Spanish'),(89,'National ID','750022233809','STANISLAS','FLOCH','French'),(90,'Passport','344868989','MICHAEL','STOREY','English'),(91,'Passport','295316749','CAROL','JONES','English'),(92,'National ID','116379393168','MALLAURY','TEXIER','French'),(93,'National ID','89371290Y','YAEL','POZO ESCATLLAR','Spanish'),(94,'National ID','193690673513','VALENTIN','BLOT','French'),(95,'National ID','918791167272','MORGAN','DUFOUR','French'),(96,'National ID','60468019F','SERGIO','GOMEZ MARIN','Spanish'),(97,'Passport','597747499','LAVONNE','BEGUM','English'),(98,'Passport','86696178','WILLIAM','SMITH','English'),(99,'National ID','71073455M','NAHIA','MONTOYO QUERO','Spanish'),(100,'Passport','115940686','ANDREW','THOMPSON','English'),(101,'National ID','97790699N','ENCARNACION','LOPEZ ROJAS','Spanish'),(102,'National ID','384357356509','ADRIEN','BARRE','French'),(103,'National ID','14640765T','JOSE GUILLERMO','BALBOA LEDESMA','Spanish'),(104,'National ID','42806933T','SAINZA','LAJO URBANO','Spanish'),(105,'National ID','517316638429','LESLIE','RODRIGUES','French'),(106,'National ID','00458781T','MICAELA','PENALVA GUILLEN','Spanish'),(107,'Passport','670178389','JOHNNY','WATSON','English'),(108,'National ID','10891561A','JOSE','AHMED PEREZ','Spanish'),(109,'Passport','105306268','ANDREW','TURNER','English'),(110,'National ID','43654755L','ESTHER','CABALLERO ENGRA','Spanish'),(111,'Passport','21505631','THOMAS','MORLEY','English'),(112,'National ID','193931160820','ALEXIS','LAPORTE','French'),(113,'Passport','301243017','ADRIAN','WOOD','English'),(114,'National ID','10139717Y','IVET','VINENT LOPEZ','Spanish'),(115,'National ID','98330942P','ANA MARIA','ROBLES SANCHEZ','Spanish'),(116,'National ID','781814243033','CLARA','VIDAL','French'),(117,'National ID','851669104571','NOHEILA','MONIER','French'),(118,'Passport','514123489','REBEKAH','ABBOTT','English'),(119,'National ID','50219377G','MOHAMED','ALCARAZ GONZALEZ','Spanish'),(120,'National ID','322819098693','LÉA','LEMAITRE','French'),(121,'National ID','334301913926','ANES','FERNANDEZ','French'),(122,'National ID','63822591Y','JOSEFINA','MENDOZA RUIZ','Spanish'),(123,'National ID','78089991T','EL HASSAN','RUIZ RAYO','Spanish'),(124,'National ID','69560971R','FRANCISCA','BERNAL NAVARRO','Spanish'),(125,'National ID','25013680F','FRANCISCA','MARTINEZ POVEDA','Spanish'),(126,'National ID','57209527V','FRANCISCO JAVIER','CALLERO MARTIN','Spanish'),(127,'Passport','809198422','LORENZO','CAMPBELL','English'),(128,'Passport','902339084','ALICIA','MORRIS','English'),(129,'Passport','724319025','THOMAS','EVANS','English'),(130,'Passport','18025704','CLETUS','POTTER','English'),(131,'National ID','37698244W','MOHAMED','PEREZ HERNAIZ','Spanish'),(132,'Passport','174228831','NATALIE','TAYLOR','English'),(133,'Passport','301403650','KAYLA','WILLIAMS','English'),(134,'National ID','93181551H','FRANCISCO','RAFALES SANCHEZ','Spanish'),(135,'Passport','59388284','THOMAS','GIBBS','English'),(136,'National ID','655646474577','THOMAS','LE BRAS','French'),(137,'Passport','000371244','LAUREN','JONES','English'),(138,'National ID','58105363A','ALEX','PEREZ GONZALEZ','Spanish'),(139,'National ID','753286181032','LISA','TISSERAND','French'),(140,'National ID','095118306293','MARGAUX','LE GOFF','French'),(141,'National ID','789735426122','ANAELLE','LEBON','French'),(142,'National ID','34310444X','AINHOA','GOMEZ GARCIA','Spanish'),(143,'National ID','82385832Q','SONIA','DIAZ TORTOSA','Spanish'),(144,'National ID','23467451E','ANGELA','EGUREN JIMENEZ','Spanish'),(145,'National ID','211724487820','LÉA','DURANT','French'),(146,'Passport','261467426','CLAYTON','WALLACE','English'),(147,'National ID','852338595151','MEGHANE','TOURNIER','French'),(148,'National ID','43217223Q','NEUS','FORNES GONZALEZ','Spanish'),(149,'National ID','16028516T','AITANA','LOPEZ LOPEZ','Spanish'),(150,'National ID','42812041W','ROCIO','MORILLAS CAMINO','Spanish'),(151,'National ID','55277483L','CRISTINA ANDREEA','PRADO CARBALLO','Spanish'),(152,'National ID','343731039774','MARINE','VIARD','French'),(153,'Passport','13889325','JOANNA','TAYLOR','English'),(154,'National ID','73292692H','DOLORES','ALONSO GONZALEZ','Spanish'),(155,'Passport','148799674','DEREK','WRIGHT','English'),(156,'Passport','61852308','CAROL','LYNCH','English'),(157,'National ID','478251063827','AUDREY','VIGNERON','French'),(158,'National ID','89824349B','JESUS DANIEL','MENDIZABAL REINA','Spanish'),(159,'National ID','882695809393','MATHÉO','MARCHAND','French'),(160,'National ID','65580918Y','TEODORO','MARQUINEZ AGUILAR','Spanish'),(161,'National ID','061806276682','CELESTINE','BERNARD','French'),(162,'National ID','605917505712','DYLAN','PUJOL','French'),(163,'National ID','298687777838','SARAH','PERNOT','French'),(164,'National ID','715749167436','ALEXIS','LASSERRE','French'),(165,'National ID','977569775483','MATHIS','VALLEE','French'),(166,'National ID','40892935Q','ABOUBAKER','MARTINEZ ARTIGUEZ','Spanish'),(167,'Passport','05277829','THOMAS','PETERS','English'),(168,'National ID','03675523P','LEONOR','BECERRA MARTINEZ','Spanish'),(169,'Passport','50752480','STEPHEN','WALTON','English'),(170,'National ID','74967573Q','ANDRES','PANIZO MEMBRIVES','Spanish'),(171,'Passport','41886488','PEYTON','PRICE','English'),(172,'National ID','86782838C','ADRIANA','GONZALEZ DE SA','Spanish'),(173,'Passport','533381590','TONY','HALL','English'),(174,'Passport','76598653','ASHLEY','FLETCHER','English'),(175,'National ID','558232442575','STEEVEN','ROUSSELLE','French'),(176,'National ID','59917622T','BEATRIZ','FAJARDO ALFARO','Spanish'),(177,'Passport','210392402','CHERYL','GREEN','English'),(178,'National ID','01022206V','CARLOS MARIA','ESTEVE ROJO','Spanish'),(179,'National ID','060362649370','CHARLES','FREY','French'),(180,'National ID','69197532P','NEKANE','CASTELLO ANIZ','Spanish'),(181,'National ID','04905973G','ANGELES CARMEN','PRADO MARISCAL','Spanish'),(182,'National ID','68743754C','MIREN NEKANE','GRIMAU HU','Spanish'),(183,'National ID','57477099F','JOSE','RAMIREZ DIAZ','Spanish'),(184,'National ID','232271181141','LUCAS','CONTE','French'),(185,'National ID','58795325B','ALVARO','CEPERO CORTES','Spanish'),(186,'National ID','64029259L','ANDREA PAOLA','SANCHEZ VILLA','Spanish'),(187,'Passport','764581717','LAUREN','MITCHELL','English'),(188,'National ID','96283504F','MARIA ISABEL','VILLACRES PEDREIRA','Spanish'),(189,'National ID','59600601B','JOSE LUIS','CODESIDO VIERA','Spanish'),(190,'Passport','606614764','ALAN','GORDON','English'),(191,'Passport','89917078','PHILIP','PARKER','English'),(192,'National ID','23731436J','MIREN','DELGADO BIOSCA','Spanish'),(193,'National ID','69944699C','FRANCISCO MANUEL','FERNANDEZ ENRIQUEZ','Spanish'),(194,'National ID','84856406E','FRANCISCO JAVIER','MENDEZ GUARDIOLA','Spanish'),(195,'National ID','095603435606','LOUIS','POULAIN','French'),(196,'National ID','87456346L','ENCARNACION','MORENO GARCIA','Spanish'),(197,'Passport','68854004','DANIELA','O\'SULLIVAN','English'),(198,'Passport','98399443','THOMAS','HILL','English'),(199,'National ID','84732379B','PABLO','TOLEDO GOMEZ','Spanish'),(200,'National ID','12990740H','PABLO','PEREZ COLLAZO','Spanish'),(201,'National ID','59008191N','ISMAEL','RODRIGUEZ MUÑOZ','Spanish'),(202,'Passport','32230294','MICHAEL','NORMAN','English'),(203,'Passport','775860920','SARAH','MOSS','English'),(204,'National ID','200310235227','CAMÉLIA','GENET','French'),(205,'National ID','19747284J','PETRA','CAMARERO FERNANDEZ','Spanish'),(206,'National ID','04225757J','JONATHAN','UBEDA VILA','Spanish'),(207,'Passport','62784976','JENNIE','NELSON','English'),(208,'Passport','75714515','CARMEN','HOLT','English'),(209,'National ID','16156343Q','ADRIAN','HEREDIA VICO','Spanish'),(210,'National ID','833492112255','ELINE','ALLEMAND','French'),(211,'Passport','057965366','MILO','HANSON','English'),(212,'National ID','08173231C','ROBERTO','FERNANDEZ TENZA','Spanish'),(213,'National ID','496371050293','NICOLAS','MATHIS','French'),(214,'National ID','011814639737','BLANCHE','BAUER','French'),(215,'Passport','204129967','FRANK','ROBINSON','English'),(216,'Passport','11963868','EILEEN','SUMMERS','English'),(217,'Passport','771697027','LAUREN','JONES','English'),(218,'Passport','14254998','EILEEN','WILLIAMS','English'),(219,'Passport','33247578','DEREK','GALLAGHER','English'),(220,'Passport','836556517','SARAH','ROBERTS','English'),(221,'National ID','76313149T','FRANCISCO JAVIER','FERNANDEZ DIMANUEL','Spanish'),(222,'National ID','63023332C','MOISES','MEDINA GARCIA','Spanish'),(223,'Passport','79574184','ANDREW','YOUNG','English'),(224,'National ID','427207544757','MARGAUX','SIMON','French'),(225,'Passport','51979089','THOMAS','LITTLE','English'),(226,'National ID','243430342631','LOUISE','LAROCHE','French'),(227,'National ID','49041281Z','MARTA','ALONSO ACOSTA','Spanish'),(228,'Passport','095049493','COLLEEN','CLARKE','English'),(229,'National ID','59623323D','SARA','SANCHEZ GARCIA','Spanish'),(230,'Passport','70013338','CAROLINE','BALL','English'),(231,'National ID','312041173188','ALICIA','JARRY','French'),(232,'Passport','560040893','CAROL','WHITEHOUSE','English'),(233,'Passport','23592248','SARAH','BELL','English'),(234,'National ID','018709399599','AUDREY','TERRIER','French'),(235,'National ID','957184439138','RANDY','PERRET','French'),(236,'Passport','954321318','JOE','FLETCHER','English'),(237,'Passport','93916183','TIMOTHY','MARSHALL','English'),(238,'National ID','642370481930','JULIAN','CLEMENT','French'),(239,'National ID','054745579647','JORDAN','PERIN','French'),(240,'National ID','879435266291','GÉRARD','COURTOIS','French'),(241,'National ID','879750710102','MINE','FREMONT','French'),(242,'Passport','968997011','LINDA','DUFFY','English'),(243,'Passport','37728514','ANDREW','THOMAS','English'),(244,'National ID','412548376448','ALEXANDRA','NOEL','French'),(245,'National ID','787385650489','VICTOR','BLANCHARD','French'),(246,'National ID','969442862354','LANCELOT','KLEIN','French'),(247,'National ID','68544030M','BLANCA','MARTINEZ PIÑA','Spanish'),(248,'Passport','214872236','SARAH','BROWN','English'),(249,'National ID','86450534C','MARIA JESUS','VELASCO ALFONSO','Spanish'),(250,'National ID','74736111A','JAVIER SANTIAGO','RAMA RESTREPO','Spanish'),(251,'Passport','252602631','RODNEY','MILLS','English'),(252,'National ID','850433690662','CAMILLE','FAIVRE','French'),(253,'National ID','945400311233','GÉRARD','ALIX','French'),(254,'Passport','27270933','CHRISTIAN','BATES','English'),(255,'National ID','39296711S','JOSE LUIS','PASTOR PALOMO','Spanish'),(256,'National ID','06710414A','PEDRO','ESCALANTE JUAN','Spanish'),(257,'National ID','63455811F','ALICIA','GARCIA LLANOS','Spanish'),(258,'National ID','320680340037','YOHANN','POISSON','French'),(259,'Passport','566773249','JAMES','THORPE','English'),(260,'National ID','68539101K','GLORIA ELIZABETH','MARTINEZ GUTIERREZ','Spanish'),(261,'Passport','34676769','ANN','HODGSON','English'),(262,'Passport','36060684','MARIA','ROWE','English'),(263,'Passport','51476189','THOMAS','FLEMING','English'),(264,'Passport','71453090','TRENT','PERRY','English'),(265,'National ID','94068743P','VANESA','CAMPOY TORRIJOS','Spanish'),(266,'National ID','66611410Y','JOSE LUIS','VIEJO LUQUERO','Spanish'),(267,'National ID','66709604J','JOSE ANTONIO','RODRIGUEZ GRANERO','Spanish'),(268,'National ID','48577886T','DANIEL','CORRALES ALVAREZ','Spanish'),(269,'National ID','232275513845','BRYAN','GALLAND','French'),(270,'National ID','25683119P','SATURNINO','MARTINEZ NAVARRO','Spanish'),(271,'Passport','186117723','ROBERT','MATTHEWS','English'),(272,'National ID','26587810V','JOSE PATROCINIO','PABLO PEREZ','Spanish'),(273,'National ID','14803936D','CRISTINA','MONTIEL CASAS','Spanish'),(274,'National ID','35694100D','JUAN ANTONIO','GONZALEZ VILLALON','Spanish'),(275,'Passport','54867346','MARK','BENTLEY','English'),(276,'National ID','71278878S','LIDIA','PADILLA HENCHE','Spanish'),(277,'National ID','79510979W','VICENTA','REIG RIBERA','Spanish'),(278,'National ID','20769914V','ROBERTO','NAVARRO BENAVENT','Spanish'),(279,'Passport','54534168','GEORGE','COOPER','English'),(280,'National ID','99863222M','MARCO ANTONIO','ORMEÑO ORTEGA','Spanish'),(281,'Passport','93237204','EDDIE','WEBB','English'),(282,'Passport','230777253','ISSAC','JONES','English'),(283,'National ID','753427506621','JOHANNA','BOUVET','French'),(284,'Passport','61838345','DENNIS','KERR','English'),(285,'National ID','053271600313','AMINA','BAUDRY','French'),(286,'National ID','422327399304','ANAÏS','BOUCHER','French'),(287,'National ID','060132780681','MÉLISSA','DUBOIS','French'),(288,'Passport','522208650','DOROTHY','ROBERTS','English'),(289,'Passport','799052782','ADAM','DAVIES','English'),(290,'National ID','23500696D','LUIS','TOJA CASAS','Spanish'),(291,'National ID','49156298P','ANA CARMEN','TOLEDO TARRO','Spanish'),(292,'Passport','07730874','PHYLLIS','MARSHALL','English'),(293,'Passport','318241061','DAVID','BROWN','English'),(294,'National ID','758613127089','TANGUY','OLLIVIER','French'),(295,'National ID','168918262502','STANISLAS','JANIN','French'),(296,'National ID','25718071T','BASILIO','SANCHEZ GARCIA','Spanish'),(297,'National ID','74598181G','CATALIN','PRIETO RECASENS','Spanish'),(298,'Passport','656938534','SHANE','JACKSON','English'),(299,'Passport','648318060','SUSANNA','MOORE','English'),(300,'National ID','170748739041','FLORIAN','REMOND','French'),(301,'National ID','97729014J','MARIA CARMEN','MONTERO EL BOUZIDI','Spanish'),(302,'National ID','52881672A','VICENTE','ROMERO LUENGAS','Spanish'),(303,'National ID','594325200557','LÉA','ROBERT','French'),(304,'National ID','931570520964','DAMIEN','LE BRIS','French'),(305,'Passport','48836814','THOMAS','HAYWARD','English'),(306,'National ID','21213092P','EDUARDO','GAMISANS QUIROGA','Spanish'),(307,'National ID','71312763K','MARIA SOLEDAD','CASUSO BUENO','Spanish'),(308,'Passport','520596930','MALLORY','SINGH','English'),(309,'Passport','44394049','CHRISTOPHER','BOOTH','English'),(310,'Passport','818590186','AURORA','WALKER','English'),(311,'Passport','617643059','JENNIFER','HARRIS','English'),(312,'Passport','209299273','COLLEEN','DYER','English'),(313,'Passport','28529535','NICHOLAS','DAVIES','English'),(314,'National ID','63686080T','MANUEL','MORENO PARRADO','Spanish'),(315,'National ID','474930617023','GWENAELLE','GASNIER','French'),(316,'National ID','320399481270','JULIE','GRANIER','French'),(317,'National ID','15063760W','SILVIA','ROSARIO HABA','Spanish'),(318,'Passport','988402219','JESSICA','HERBERT','English'),(319,'Passport','323371708','ALEC','DUNN','English'),(320,'National ID','55336949F','MARIA LUISA','GARCIA MAS','Spanish'),(321,'National ID','11482974V','MARIA ISABEL','EGUREN PALOMARES','Spanish'),(322,'Passport','065151088','EARL','MURPHY','English'),(323,'National ID','892727667378','WILLIAM','DUVAL','French'),(324,'Passport','084264566','BARBARA','SCOTT','English'),(325,'National ID','05223753Q','MANUEL','DIEGUEZ CANTOS','Spanish'),(326,'National ID','064703762480','CHARLOTTE','BLANC','French'),(327,'National ID','568716330594','ADRIEN','GUILLARD','French'),(328,'National ID','953108219284','HONORINE','SENECHAL','French'),(329,'National ID','192519707041','MEHDI','POULIQUEN','French'),(330,'Passport','848105352','RAHEEM','BELL','English'),(331,'National ID','97077811D','DAVID','MONTORO OLMO','Spanish'),(332,'National ID','549176717147','PRESCILLIA','RICHARD','French'),(333,'National ID','62251913K','MIGUEL JUAN','IGLESIAS SALVATIERRA','Spanish'),(334,'National ID','059906376768','YANIS','LEFEVRE','French'),(335,'National ID','63888228R','ANDREA','FELGUERA RAPOSO','Spanish'),(336,'Passport','847640752','THOMAS','HAWKINS','English'),(337,'Passport','76952339','MICHELE','THOMPSON','English'),(338,'National ID','698813405463','DENOVAN','GARNIER','French'),(339,'Passport','46021977','THOMAS','LAMB','English'),(340,'National ID','69535488W','CANDIDO JOSE','ROLDAN RUS','Spanish'),(341,'National ID','01762530V','CARLOS','ALVAREZ ROMO','Spanish'),(342,'National ID','641236837671','HUGO','FERRAND','French'),(343,'National ID','675792771568','MARIUS','LE BRIS','French'),(344,'National ID','958912353926','THÉO','DUCHEMIN','French'),(345,'Passport','958718573','KRISTINE','PRITCHARD','English'),(346,'National ID','413268230301','JOFFREY','LEVY','French'),(347,'National ID','934581854215','MAXIME','DUQUESNE','French'),(348,'National ID','62696076P','ANA','FERNANDEZ RUIZ','Spanish'),(349,'National ID','20890821J','ROCIO','VERA CAMPOS','Spanish'),(350,'National ID','548885675338','ROBIN','MAILLET','French'),(351,'Passport','267230710','MICHAEL','DAVEY','English'),(352,'National ID','738084344729','ERWANN','MARIE','French'),(353,'Passport','729004134','ANDREW','HOWARD','English'),(354,'Passport','51509382','SARAH','PARSONS','English'),(355,'Passport','22865291','CORY','SUMMERS','English'),(356,'National ID','25816872Q','YOUNES','GARCIA LOPEZ','Spanish'),(357,'National ID','52467576E','FUENSANTA','FIGUEIRA ALAMO','Spanish'),(358,'National ID','89967283T','PATROCINIO','DOMINGUEZ SILVENTE','Spanish'),(359,'Passport','479007904','MARTIN','GARNER','English'),(360,'Passport','18987996','STEPHEN','SAUNDERS','English'),(361,'Passport','947603802','NAOMI','JORDAN','English'),(362,'National ID','225644639416','MELVYN','RAMOS','French'),(363,'Passport','73521146','ANDREW','BURTON','English'),(364,'Passport','294887150','PATRICK','WALTON','English'),(365,'National ID','73666980G','SERGIO','VENEGAS TORRE MARIN','Spanish'),(366,'National ID','34983672M','MARIA ALMUDENA','CASTRO ALEGRIA','Spanish'),(367,'National ID','708977301880','LUCIE','HENRY','French'),(368,'Passport','48607693','ANNA','ROBSON','English'),(369,'National ID','36944977P','SERGI','DEL RIO SANZ','Spanish'),(370,'National ID','710717522542','MÉLANIE','LALLEMENT','French'),(371,'National ID','60211313G','JOSEFA','RODRIGUEZ GARCIA','Spanish'),(372,'Passport','71646607','GLADYS','EDWARDS','English'),(373,'National ID','772967022112','MARINE','CARLIER','French'),(374,'National ID','155460774865','CORENTIN','JANIN','French'),(375,'National ID','90019336G','IKER','ALCALA PORRAS','Spanish'),(376,'National ID','423559446192','APOLLINE','GAUTHIER','French'),(377,'National ID','643311040829','SANDY','FAURE','French'),(378,'National ID','70618270J','CARMEN LUCRECIA','GARCIA JIMENEZ','Spanish'),(379,'National ID','116123479827','LYDIA','BINET','French'),(380,'National ID','266105119856','ROBIN','LALANNE','French'),(381,'National ID','43166697K','MARIA PILAR','CORTES PUJANTE','Spanish'),(382,'Passport','79993783','PAMELA','STEPHENS','English'),(383,'National ID','46187621X','FRANCISCO JAVIER','SAN EMETERIO PEÑA','Spanish'),(384,'National ID','638591068651','ELISA','HUBERT','French'),(385,'National ID','330236092522','THIBAULT','PARIS','French'),(386,'National ID','54339392Y','JOSE','GONZALEZ CORDAL','Spanish'),(387,'National ID','063707985610','VICTOR','DURAND','French'),(388,'Passport','77356956','JOE','CROSS','English'),(389,'National ID','886013591227','LOUISE','SABATIER','French'),(390,'Passport','840163922','KARA','COLLINS','English'),(391,'National ID','96447673W','ANA','SANCHEZ ZURERA','Spanish'),(392,'National ID','540441474749','TANGUY','ROLLAND','French'),(393,'National ID','12454477T','MARIA ISABEL','TOTH MENA','Spanish'),(394,'Passport','759255396','OSCAR','PORTER','English'),(395,'National ID','76202185B','IKER','VEIGA VALLINA','Spanish'),(396,'Passport','30675517','SARAH','TAYLOR','English'),(397,'National ID','54974259G','JESUS','VIVERO GARCIA','Spanish'),(398,'National ID','04654222B','CELIA','SERRAT GONZALEZ','Spanish'),(399,'National ID','98990034N','MIREIA','LONDOÑO PORTILLA','Spanish'),(400,'National ID','852912069642','MAXIME','HEBERT','French'),(401,'National ID','132139619659','YOUSSEF','MARION','French'),(402,'National ID','65470678M','BERNARDO','VELO PEREA','Spanish'),(403,'National ID','39610260M','ANDRES VICENTE','SELMA GARRIDO','Spanish'),(404,'National ID','62676569M','JUAN CARLOS','MARTIN MEDINA','Spanish'),(405,'National ID','881221642420','WILLIAM','GIRARD','French'),(406,'National ID','131247689079','ANTOINE','LERICHE','French'),(407,'Passport','35664226','BRYCE','CONNOLLY','English'),(408,'National ID','370185514915','EDDY','ROBERT','French'),(409,'National ID','664952581512','MÉLANIE','CAILLAUD','French'),(410,'National ID','98392588Z','FLOR LIS','SALGUERO JUSTICIA','Spanish'),(411,'Passport','670777611','BRENDA','ADAMS','English'),(412,'Passport','984531702','THOMAS','FROST','English'),(413,'National ID','729203532633','ANTHONY','MAURY','French'),(414,'National ID','300005038904','MATHILDE','REMY','French'),(415,'National ID','65390006V','OSCAR','RAYA ATIENZA','Spanish'),(416,'National ID','742649496424','BILLAL','GALLOIS','French'),(417,'National ID','06258462R','AURORA','LUQUE SORIANO','Spanish'),(418,'National ID','369706800392','QUENTIN','MERCIER','French'),(419,'National ID','159260606681','LEILA','RENAULT','French'),(420,'National ID','754732684724','MAILYS','PONS','French'),(421,'National ID','513331668172','ALIZEA','GUERIN','French'),(422,'National ID','089923492266','LUCAS','LEGROS','French'),(423,'National ID','437528195433','THÉO','SANCHEZ','French'),(424,'National ID','305250294845','FIRMIN','LACROIX','French'),(425,'National ID','63162124F','ISABEL','DIAZ GARCIA','Spanish'),(426,'National ID','05226465Z','JUAN','SANCHEZ GUMIEL','Spanish'),(427,'National ID','593426395049','GÉRARD','BAILLEUL','French'),(428,'National ID','605467426133','JASSIM','BECKER','French'),(429,'National ID','735502855072','CÉLINE','ALVES','French'),(430,'National ID','61614062Y','ELOY','RIVERO RODRIGUEZ','Spanish'),(431,'National ID','77557185N','ANA','CAMACHO JIMENEZ','Spanish'),(432,'National ID','816900402340','NICOLAS','LAMBERT','French'),(433,'Passport','16351042','FRANCES','DOBSON','English'),(434,'Passport','42882794','NATALIE','WARD','English'),(435,'National ID','299455969792','FLAVIE','GRANGE','French'),(436,'Passport','405096287','LAUREN','JORDAN','English'),(437,'National ID','67633114G','RUBEN','PRIETO ALAMEDA','Spanish'),(438,'National ID','26334334R','JOSE ANTONIO','PEREZ CASTILLO','Spanish'),(439,'National ID','84622327Z','ENRIC','JODAR GONZALEZ','Spanish'),(440,'National ID','56467984V','ANTONIA','GRACIA ESPINOSA','Spanish'),(441,'National ID','44459084S','JUAN','ROSSELLO PEÑA','Spanish'),(442,'National ID','31699924J','AINHOA','RAMON PROHENS','Spanish'),(443,'National ID','374179189635','LUC','MERCIER','French'),(444,'National ID','62426211W','JUAN','AVECILLA MANGANO','Spanish'),(445,'National ID','453920339355','JULIE','MARTIN','French'),(446,'National ID','37086897H','INES ESPERANZA','FERNANDEZ FERNANDEZ','Spanish'),(447,'Passport','361918852','JOHN','DAVIES','English'),(448,'Passport','34315943','LILLIE','PATEL','English'),(449,'National ID','403089231674','RÉGINE','JAMET','French'),(450,'National ID','43723194X','MARIA','PARRA MAÑON','Spanish'),(451,'National ID','88622733F','JOSE','FARIÑA MANJON','Spanish'),(452,'National ID','748694123568','ANTOINE','SIMON','French'),(453,'National ID','59341324J','LUCIA','IGLESIAS ROMERO','Spanish'),(454,'National ID','28705995V','LISARDO','CABODEVILLA MARQUEZ','Spanish'),(455,'National ID','60823785D','ALEJANDRO','SARANGO CAMPILLO','Spanish'),(456,'National ID','21413071W','OLGA','POUSO TOUIL','Spanish'),(457,'National ID','02453351X','VANESA','REPILA CORTES','Spanish'),(458,'National ID','781102879968','OCEANNE','ROY','French'),(459,'National ID','341988147751','FABIEN','CHENE','French'),(460,'Passport','21292883','CAROL','GARDNER','English'),(461,'National ID','062176454762','LUCAS','FOURNIER','French'),(462,'National ID','627846956560','DYLAN','MUNIER','French'),(463,'Passport','42643404','DANIEL','BROWN','English'),(464,'National ID','103384217978','ANTOINE','BOUSQUET','French'),(465,'National ID','56753383D','PAULA','MUÑOZ MORENO','Spanish'),(466,'National ID','401250769271','AGLAE','FERRY','French'),(467,'National ID','949219286973','CLÉMENT','BERNARD','French'),(468,'National ID','482040937549','ARTHUR','HARDY','French'),(469,'National ID','11089277B','JOSE MANUEL','VIGO MORENO','Spanish'),(470,'National ID','49080050M','RAMIRO','PALOMO COLLADOS','Spanish'),(471,'Passport','65453172','BRICE','HARRIS','English'),(472,'Passport','858126493','MATHEW','NORTON','English'),(473,'National ID','21779963K','JOSEP MARIA','PERDOMO MARTINEZ','Spanish'),(474,'Passport','25382129','DOUGLAS','FOX','English'),(475,'National ID','29475366S','JOSE LUIS','SALAS LOPEZ','Spanish'),(476,'Passport','92801286','RODNEY','HUMPHREYS','English'),(477,'National ID','681893276315','NORA','JACQUOT','French'),(478,'National ID','72543213V','RAQUEL','GONZALEZ ROLDAN','Spanish'),(479,'National ID','06468772E','ESMERALDA','MARTINEZ MESAS','Spanish'),(480,'Passport','84424142','MELODY','PAGE','English'),(481,'Passport','893337105','CORY','RICE','English'),(482,'National ID','81865056Y','OSCAR ANDRES','RODRIGUEZ TOCON','Spanish'),(483,'National ID','15211402F','GLORIA','FERNANDEZ VINAZA','Spanish'),(484,'National ID','13360808Q','ISABEL','GOMEZ LLORENS','Spanish'),(485,'National ID','968594782626','WILLIAM','CHABERT','French'),(486,'Passport','29915091','MAX','PHILLIPS','English'),(487,'National ID','73366344R','ANTONIO','GARCIA MAYO','Spanish'),(488,'Passport','805356006','DILLON','ROGERS','English'),(489,'National ID','048386357810','INÈS','GARREAU','French'),(490,'Passport','833685821','CALVIN','EDWARDS','English'),(491,'National ID','551057365754','EMILIE','MORICE','French'),(492,'National ID','96920383Q','SOUDIA','ALEMAN MARTIN','Spanish'),(493,'National ID','24699573B','AURELIA','HERRERO HUELVES','Spanish'),(494,'Passport','25889362','CAROL','BROWN','English'),(495,'National ID','21570608N','JOSE RAMON','ALONSO LOPEZ','Spanish'),(496,'National ID','21840371P','HAFID','VERGER MARTIN','Spanish'),(497,'Passport','715605465','JAMES','INGRAM','English'),(498,'Passport','525497658','REBECCA','JACKSON','English'),(499,'National ID','670602833639','SARAH','JOLY','French'),(500,'Passport','271346549','NELSON','WARD','English'),(501,'Passport','69298206','ABIGAIL','KNOWLES','English'),(502,'National ID','67696869A','LAURA','CORTS VICENTE','Spanish'),(503,'Passport','183253623','GAIL','HUDSON','English'),(504,'National ID','49501802Y','MARIA JESUS','GOMEZ BALBOA','Spanish'),(505,'National ID','15567459R','ENCARNACION','MARTIN SANTANA','Spanish'),(506,'National ID','72557634V','MARIANA','OVEJAS EL IDRISSI','Spanish'),(507,'National ID','08073709L','SAGRARIO','FERNANDEZ RAFAEL','Spanish'),(508,'National ID','027873381483','LÉA','BOUVIER','French'),(509,'National ID','73714420H','JOSE LUIS','SANCHEZ SUTIL','Spanish'),(510,'Passport','988745150','SARAH','SMITH','English'),(511,'National ID','41427781C','ANTONIO','BUENDIA GUIMERA','Spanish'),(512,'Passport','278464677','SARAH','DAVIES','English'),(513,'National ID','185734550050','TRISTAN','DELAUNAY','French'),(514,'National ID','314195505441','HUGO','HARDOUIN','French'),(515,'National ID','633986712194','CLÉMENT','DEVILLE','French'),(516,'Passport','66100542','BRENDA','WEBSTER','English'),(517,'Passport','856759727','NORMAN','POTTER','English'),(518,'National ID','898678769749','RAYANE','ROSSIGNOL','French'),(519,'National ID','750903185094','HUGO','POUGET','French'),(520,'National ID','206532827233','DIYAR','BOUVET','French'),(521,'National ID','22448998D','CARMEN','ROTA OROZCO','Spanish'),(522,'National ID','898341869972','LÉO','SABATIER','French'),(523,'Passport','43892065','BRIAN','ASHTON','English'),(524,'Passport','13871442','BARBARA','SMITH','English'),(525,'National ID','119427348333','GÉRARD','ETIENNE','French'),(526,'National ID','375852393292','ALEXIS','VINCENT','French'),(527,'National ID','412430992602','HINDA','LEMAITRE','French'),(528,'Passport','40757644','MALLORY','HARVEY','English'),(529,'National ID','32615688D','GLORIA','NARANJO NEGRETE','Spanish'),(530,'National ID','22159023H','MOHAMED','DOMENE RIBERA','Spanish'),(531,'National ID','00706037Y','JOSE','CARRION LOPERA','Spanish'),(532,'National ID','37267489Z','ANNA','ROVIRA MEDINA','Spanish'),(533,'National ID','600119155756','JERRY','NGUYEN','French'),(534,'National ID','76655348M','JAIME','MARTINEZ DELGADO','Spanish'),(535,'National ID','81723315Z','MARIA LUISA','SARASOLA PRIETO','Spanish'),(536,'National ID','150141905784','ARNAUD','VIAL','French'),(537,'National ID','026152364252','MELODY','OLLIVIER','French'),(538,'National ID','061364846618','SIMON','ALEXANDRE','French'),(539,'Passport','56311187','BRYCE','REID','English'),(540,'Passport','18146090','SARAH','FREEMAN','English'),(541,'National ID','203600299225','YOANN','FAVRE','French'),(542,'National ID','539043615641','QUENTIN','FAUCHER','French'),(543,'National ID','44874104T','RAJAE','IÑESTA CAMACHO','Spanish'),(544,'National ID','342004059012','MIKAELA','PETIT','French'),(545,'National ID','99760622P','ANTONIO','PEREZ MORCILLO','Spanish'),(546,'National ID','826808146770','MARGOT','LE BRIS','French'),(547,'National ID','598188993459','VINCENT','LEROY','French'),(548,'Passport','133144321','BARBARA','BAKER','English'),(549,'Passport','631253491','SARA','BISHOP','English'),(550,'National ID','251221037095','INTISSAR','JANIN','French'),(551,'Passport','459030531','NANCY','BROWN','English'),(552,'National ID','42444884V','ALFREDO','MUÑOZ DE LA LUZ','Spanish'),(553,'National ID','21309847W','ANGEL','BOLAÑOS ALVAREZ','Spanish'),(554,'Passport','062069250','CORY','SINGH','English'),(555,'National ID','60485526B','MARIA DOLORES','COLOMINA DOMINGO','Spanish'),(556,'Passport','810521100','EDWIN','GREEN','English'),(557,'National ID','74112846S','JESUS','GUILLEN VILARIÑO','Spanish'),(558,'National ID','079683402585','JEAN-CHARLES','GREGOIRE','French'),(559,'National ID','075253978745','ALAN','BINET','French'),(560,'National ID','70342737C','ISABEL','VIÑAS PEREZ','Spanish'),(561,'National ID','38192382P','MANUEL','NAVARRO CARLES','Spanish'),(562,'National ID','52761122L','ELENA','ULZURRUN MENDEZ','Spanish'),(563,'National ID','443948340937','RAYAN','GONZALEZ','French'),(564,'National ID','279467870217','LISA','MARTIN','French'),(565,'Passport','293632796','KRISTINE','PATEL','English'),(566,'National ID','47367469G','FRANCISCO JAVIER','PEÑALBA BARCOS','Spanish'),(567,'National ID','85129649W','ANA MARIA','CASES SANCHO','Spanish'),(568,'National ID','840710966908','LÉA','BOULAY','French'),(569,'Passport','51967081','LAUREN','ARNOLD','English'),(570,'National ID','307353838795','GÉRARD','FOURNIER','French'),(571,'Passport','338822021','ANDREW','LEACH','English'),(572,'Passport','510711308','MATTHIAS','TAYLOR','English'),(573,'National ID','79753948E','NATALIA','CORRALES SERROUKH','Spanish'),(574,'National ID','45517189M','AURORA','PLATERO FERNANDEZ','Spanish'),(575,'Passport','250111629','GWENDOLYN','WATKINS','English'),(576,'National ID','17689867S','DAVID','MASCUÑANO FERNANDEZ','Spanish'),(577,'Passport','933575900','THOMAS','COOK','English'),(578,'National ID','961280648067','MÉLISSA','DELMAS','French'),(579,'Passport','35667715','BRITTNEE','JONES','English'),(580,'National ID','19723972T','DAVID','RUBIO GARCIA','Spanish'),(581,'National ID','91610389D','RUBEN','RIOS VITAL','Spanish'),(582,'National ID','62943703V','MARIA ARACELI','MANZANO FERNANDEZ','Spanish'),(583,'National ID','34039055K','JOSE MANUEL','TORREJON PEDRAZA','Spanish'),(584,'National ID','220484672373','CORENTIN','DUBOST','French'),(585,'National ID','46548852A','FLORIN','NUÑEZ TOCA','Spanish'),(586,'Passport','268443487','MARK','FORSTER','English'),(587,'National ID','89095711J','SUSANA','BELOKI CAMPRUBI','Spanish'),(588,'National ID','00197416F','VICENTE','CLARISO GRACIA','Spanish'),(589,'National ID','14869069Y','DANIEL','PEREZ PARRA','Spanish'),(590,'Passport','059214850','TERRY','BROWN','English'),(591,'Passport','822095758','JOANN','DAVIES','English'),(592,'National ID','48404849S','PATRICIA','CORRALES LERA','Spanish'),(593,'National ID','175276260756','ALIX','WEISS','French'),(594,'National ID','78150485G','MARIA CARMEN','BLANCO LADO','Spanish'),(595,'Passport','12932377','CAROL','MURPHY','English'),(596,'Passport','19186133','THOMAS','WALTERS','English'),(597,'Passport','24596650','JUSTIN','DALY','English'),(598,'National ID','96052304A','KENZA','VALLE RUIZ','Spanish'),(599,'National ID','256401432774','CLOTILDE','LE BARS','French'),(600,'Passport','993637303','ANDREW','WATSON','English'),(601,'Passport','06871049','THOMAS','EDWARDS','English'),(602,'Passport','713423255','REBECCA','BAILEY','English'),(603,'National ID','340268160672','ANNA','ROBERT','French'),(604,'National ID','68603203E','CLAUDIA ISABEL','VERGE PEREZ','Spanish'),(605,'National ID','482524472351','QUENTIN','LAINE','French'),(606,'National ID','19075204Q','ELADIO','ALONSO LOPEZ','Spanish'),(607,'National ID','09713716B','ARTURO','RODRIGUEZ LUNA','Spanish'),(608,'National ID','565740626776','EMMA','TAVERNIER','French'),(609,'Passport','76001710','SARAH','CLARKE','English'),(610,'National ID','35164041P','SARA','SIRVENT GARCIA','Spanish'),(611,'National ID','79594116V','SILVIA','FERNANDEZ LABRADO','Spanish'),(612,'National ID','907328317596','DORINE','VALETTE','French'),(613,'National ID','85877254S','CARMEN','ALTAMIRANO GUASCH','Spanish'),(614,'Passport','76164178','JOE','SHEPHERD','English'),(615,'National ID','04248682F','MARIA ISABEL','LOSA CHEN','Spanish');
/*!40000 ALTER TABLE `Hosts` ENABLE KEYS */;
UNLOCK TABLES;

--
-- Table structure for table `PriceSeasons`
--

DROP TABLE IF EXISTS `PriceSeasons`;
/*!40101 SET @saved_cs_client     = @@character_set_client */;
/*!40101 SET character_set_client = utf8 */;
CREATE TABLE `PriceSeasons` (
  `Id` int(10) unsigned NOT NULL AUTO_INCREMENT,
  `RoomTypeId` int(10) unsigned NOT NULL,
  `SeasonId` int(10) unsigned NOT NULL,
  `Price` decimal(6,2) NOT NULL,
  PRIMARY KEY (`Id`),
  UNIQUE KEY `RoomTypeId` (`RoomTypeId`,`SeasonId`),
  KEY `SeasonId` (`SeasonId`),
  CONSTRAINT `PriceSeasons_ibfk_1` FOREIGN KEY (`SeasonId`) REFERENCES `Seasons` (`Id`) ON DELETE CASCADE ON UPDATE CASCADE,
  CONSTRAINT `PriceSeasons_ibfk_2` FOREIGN KEY (`RoomTypeId`) REFERENCES `RoomTypes` (`Id`) ON DELETE CASCADE ON UPDATE CASCADE
) ENGINE=InnoDB AUTO_INCREMENT=41 DEFAULT CHARSET=utf8mb4;
/*!40101 SET character_set_client = @saved_cs_client */;

--
-- Dumping data for table `PriceSeasons`
--

LOCK TABLES `PriceSeasons` WRITE;
/*!40000 ALTER TABLE `PriceSeasons` DISABLE KEYS */;
INSERT INTO `PriceSeasons` VALUES (1,1,1,27.00),(2,1,2,30.60),(3,1,3,36.00),(4,1,4,30.60),(5,1,5,27.00),(6,2,1,48.00),(7,2,2,54.40),(8,2,3,64.00),(9,2,4,54.40),(10,2,5,48.00),(11,3,1,63.00),(12,3,2,71.40),(13,3,3,84.00),(14,3,4,71.40),(15,3,5,63.00),(16,4,1,69.00),(17,4,2,78.20),(18,4,3,92.00),(19,4,4,78.20),(20,4,5,69.00),(21,5,1,90.00),(22,5,2,102.00),(23,5,3,120.00),(24,5,4,102.00),(25,5,5,90.00),(26,6,1,127.50),(27,6,2,144.50),(28,6,3,170.00),(29,6,4,144.50),(30,6,5,127.50),(31,7,1,150.00),(32,7,2,170.00),(33,7,3,200.00),(34,7,4,170.00),(35,7,5,150.00),(36,8,1,90.00),(37,8,2,102.00),(38,8,3,120.00),(39,8,4,102.00),(40,8,5,90.00);
/*!40000 ALTER TABLE `PriceSeasons` ENABLE KEYS */;
UNLOCK TABLES;

--
-- Table structure for table `RoomTypeFacilities`
--

DROP TABLE IF EXISTS `RoomTypeFacilities`;
/*!40101 SET @saved_cs_client     = @@character_set_client */;
/*!40101 SET character_set_client = utf8 */;
CREATE TABLE `RoomTypeFacilities` (
  `Id` int(10) unsigned NOT NULL AUTO_INCREMENT,
  `RoomTypeId` int(10) unsigned NOT NULL,
  `FacilityId` int(10) unsigned NOT NULL,
  PRIMARY KEY (`Id`),
  UNIQUE KEY `FacilityId` (`FacilityId`,`RoomTypeId`),
  KEY `RoomTypeId` (`RoomTypeId`),
  CONSTRAINT `RoomTypeFacilities_ibfk_1` FOREIGN KEY (`FacilityId`) REFERENCES `Facilities` (`Id`) ON DELETE CASCADE ON UPDATE CASCADE,
  CONSTRAINT `RoomTypeFacilities_ibfk_2` FOREIGN KEY (`RoomTypeId`) REFERENCES `RoomTypes` (`Id`) ON DELETE CASCADE ON UPDATE CASCADE
) ENGINE=InnoDB AUTO_INCREMENT=45 DEFAULT CHARSET=utf8mb4;
/*!40101 SET character_set_client = @saved_cs_client */;

--
-- Dumping data for table `RoomTypeFacilities`
--

LOCK TABLES `RoomTypeFacilities` WRITE;
/*!40000 ALTER TABLE `RoomTypeFacilities` DISABLE KEYS */;
INSERT INTO `RoomTypeFacilities` VALUES (12,3,1),(23,5,1),(29,6,1),(34,7,1),(40,8,1),(41,8,2),(1,1,3),(5,2,3),(9,3,3),(14,4,3),(19,5,3),(25,6,3),(30,7,3),(35,8,3),(24,5,4),(42,8,4),(17,4,5),(22,5,5),(28,6,5),(33,7,5),(43,8,5),(8,2,6),(18,4,6),(39,8,6),(4,1,7),(13,3,7),(38,8,7),(44,8,8),(2,1,9),(6,2,9),(10,3,9),(15,4,9),(20,5,9),(26,6,9),(31,7,9),(36,8,9),(3,1,10),(7,2,10),(11,3,10),(16,4,10),(21,5,10),(27,6,10),(32,7,10),(37,8,10);
/*!40000 ALTER TABLE `RoomTypeFacilities` ENABLE KEYS */;
UNLOCK TABLES;

--
-- Table structure for table `RoomTypes`
--

DROP TABLE IF EXISTS `RoomTypes`;
/*!40101 SET @saved_cs_client     = @@character_set_client */;
/*!40101 SET character_set_client = utf8 */;
CREATE TABLE `RoomTypes` (
  `Id` int(10) unsigned NOT NULL AUTO_INCREMENT,
  `Name` varchar(100) NOT NULL,
  `Capacity` int(10) unsigned NOT NULL,
  `Shared` tinyint(1) NOT NULL DEFAULT 0,
  `BasePrice` int(10) unsigned NOT NULL,
  PRIMARY KEY (`Id`),
  UNIQUE KEY `Name` (`Name`)
) ENGINE=InnoDB AUTO_INCREMENT=9 DEFAULT CHARSET=utf8mb4;
/*!40101 SET character_set_client = @saved_cs_client */;

--
-- Dumping data for table `RoomTypes`
--

LOCK TABLES `RoomTypes` WRITE;
/*!40000 ALTER TABLE `RoomTypes` DISABLE KEYS */;
INSERT INTO `RoomTypes` VALUES (1,'Single room with shared bathroom',1,0,18),(2,'Double room with shared bathroom',2,0,32),(3,'Double room with private bathroom',2,0,42),(4,'Triple room with shared bathroom',3,0,46),(5,'Triple room with private bathroom',3,0,60),(6,'Room for 5 with private bathroom',5,0,85),(7,'Room for 6 with private bathroom',6,0,100),(8,'Suite',2,0,60);
/*!40000 ALTER TABLE `RoomTypes` ENABLE KEYS */;
UNLOCK TABLES;

--
-- Table structure for table `Rooms`
--

DROP TABLE IF EXISTS `Rooms`;
/*!40101 SET @saved_cs_client     = @@character_set_client */;
/*!40101 SET character_set_client = utf8 */;
CREATE TABLE `Rooms` (
  `RoomNumber` int(10) unsigned NOT NULL AUTO_INCREMENT,
  `RoomTypeId` int(10) unsigned NOT NULL,
  `Empty` tinyint(1) NOT NULL DEFAULT 1,
  PRIMARY KEY (`RoomNumber`),
  KEY `RoomTypeId` (`RoomTypeId`),
  CONSTRAINT `Rooms_ibfk_1` FOREIGN KEY (`RoomTypeId`) REFERENCES `RoomTypes` (`Id`) ON DELETE NO ACTION ON UPDATE CASCADE
) ENGINE=InnoDB AUTO_INCREMENT=51 DEFAULT CHARSET=utf8mb4;
/*!40101 SET character_set_client = @saved_cs_client */;

--
-- Dumping data for table `Rooms`
--

LOCK TABLES `Rooms` WRITE;
/*!40000 ALTER TABLE `Rooms` DISABLE KEYS */;
INSERT INTO `Rooms` VALUES (1,8,1),(2,2,0),(3,4,1),(4,3,1),(5,3,1),(6,2,0),(7,8,1),(8,8,1),(9,3,1),(10,5,1),(11,2,1),(12,2,1),(13,2,0),(14,5,1),(15,3,1),(16,8,1),(17,4,1),(18,5,0),(19,6,1),(20,3,1),(21,5,1),(22,8,0),(23,4,1),(24,3,1),(25,4,0),(26,3,1),(27,7,1),(28,2,1),(29,3,1),(30,6,1),(31,2,0),(32,3,0),(33,3,0),(34,8,1),(35,3,1),(36,4,0),(37,2,1),(38,3,1),(39,4,1),(40,6,1),(41,4,1),(42,3,0),(43,5,1),(44,3,1),(45,7,1),(46,2,1),(47,6,1),(48,2,1),(49,4,1),(50,5,0);
/*!40000 ALTER TABLE `Rooms` ENABLE KEYS */;
UNLOCK TABLES;

--
-- Table structure for table `Seasons`
--

DROP TABLE IF EXISTS `Seasons`;
/*!40101 SET @saved_cs_client     = @@character_set_client */;
/*!40101 SET character_set_client = utf8 */;
CREATE TABLE `Seasons` (
  `Id` int(10) unsigned NOT NULL AUTO_INCREMENT,
  `StartingDay` char(5) NOT NULL,
  `Name` varchar(100) NOT NULL,
  PRIMARY KEY (`Id`),
  UNIQUE KEY `StartingDay` (`StartingDay`)
) ENGINE=InnoDB AUTO_INCREMENT=6 DEFAULT CHARSET=utf8mb4;
/*!40101 SET character_set_client = @saved_cs_client */;

--
-- Dumping data for table `Seasons`
--

LOCK TABLES `Seasons` WRITE;
/*!40000 ALTER TABLE `Seasons` DISABLE KEYS */;
INSERT INTO `Seasons` VALUES (1,'12-21','Winter'),(2,'03-21','Spring'),(3,'06-21','Summer'),(4,'09-21','Autumn'),(5,'00-00','Winter');
/*!40000 ALTER TABLE `Seasons` ENABLE KEYS */;
UNLOCK TABLES;

--
-- Table structure for table `StayHosts`
--

DROP TABLE IF EXISTS `StayHosts`;
/*!40101 SET @saved_cs_client     = @@character_set_client */;
/*!40101 SET character_set_client = utf8 */;
CREATE TABLE `StayHosts` (
  `Id` int(10) unsigned NOT NULL AUTO_INCREMENT,
  `StayId` int(10) unsigned NOT NULL,
  `HostId` int(10) unsigned NOT NULL,
  PRIMARY KEY (`Id`),
  KEY `StayId` (`StayId`),
  KEY `HostId` (`HostId`),
  CONSTRAINT `StayHosts_ibfk_1` FOREIGN KEY (`StayId`) REFERENCES `Stays` (`Id`) ON DELETE NO ACTION ON UPDATE CASCADE,
  CONSTRAINT `StayHosts_ibfk_2` FOREIGN KEY (`HostId`) REFERENCES `Hosts` (`Id`) ON DELETE NO ACTION ON UPDATE CASCADE
) ENGINE=InnoDB AUTO_INCREMENT=616 DEFAULT CHARSET=utf8mb4;
/*!40101 SET character_set_client = @saved_cs_client */;

--
-- Dumping data for table `StayHosts`
--

LOCK TABLES `StayHosts` WRITE;
/*!40000 ALTER TABLE `StayHosts` DISABLE KEYS */;
INSERT INTO `StayHosts` VALUES (1,1,1),(2,1,2),(3,1,3),(4,2,4),(5,2,5),(6,2,6),(7,3,7),(8,3,8),(9,3,9),(10,3,10),(11,4,11),(12,4,12),(13,5,13),(14,5,14),(15,5,15),(16,6,16),(17,6,17),(18,7,18),(19,7,19),(20,8,20),(21,8,21),(22,8,22),(23,9,23),(24,9,24),(25,9,25),(26,10,26),(27,10,27),(28,11,28),(29,11,29),(30,12,30),(31,12,31),(32,12,32),(33,12,33),(34,13,34),(35,13,35),(36,14,36),(37,14,37),(38,14,38),(39,15,39),(40,15,40),(41,15,41),(42,15,42),(43,16,43),(44,16,44),(45,16,45),(46,16,46),(47,17,47),(48,17,48),(49,17,49),(50,17,50),(51,18,51),(52,18,52),(53,18,53),(54,19,54),(55,19,55),(56,19,56),(57,19,57),(58,20,58),(59,20,59),(60,20,60),(61,21,61),(62,21,62),(63,21,63),(64,21,64),(65,22,65),(66,22,66),(67,23,67),(68,23,68),(69,23,69),(70,23,70),(71,24,71),(72,24,72),(73,24,73),(74,24,74),(75,25,75),(76,25,76),(77,25,77),(78,26,78),(79,26,79),(80,26,80),(81,27,81),(82,27,82),(83,27,83),(84,27,84),(85,28,85),(86,28,86),(87,28,87),(88,29,88),(89,29,89),(90,29,90),(91,30,91),(92,30,92),(93,30,93),(94,31,94),(95,31,95),(96,31,96),(97,31,97),(98,32,98),(99,32,99),(100,33,100),(101,33,101),(102,33,102),(103,34,103),(104,34,104),(105,34,105),(106,34,106),(107,35,107),(108,35,108),(109,35,109),(110,36,110),(111,36,111),(112,37,112),(113,37,113),(114,37,114),(115,37,115),(116,38,116),(117,38,117),(118,39,118),(119,39,119),(120,40,120),(121,40,121),(122,40,122),(123,40,123),(124,41,124),(125,41,125),(126,42,126),(127,42,127),(128,43,128),(129,43,129),(130,43,130),(131,44,131),(132,44,132),(133,44,133),(134,45,134),(135,45,135),(136,46,136),(137,46,137),(138,47,138),(139,47,139),(140,47,140),(141,47,141),(142,48,142),(143,48,143),(144,48,144),(145,48,145),(146,49,146),(147,49,147),(148,49,148),(149,49,149),(150,50,150),(151,50,151),(152,50,152),(153,51,153),(154,51,154),(155,51,155),(156,51,156),(157,52,157),(158,52,158),(159,53,159),(160,53,160),(161,53,161),(162,54,162),(163,54,163),(164,54,164),(165,54,165),(166,55,166),(167,55,167),(168,55,168),(169,56,169),(170,56,170),(171,56,171),(172,56,172),(173,57,173),(174,57,174),(175,57,175),(176,58,176),(177,58,177),(178,59,178),(179,59,179),(180,59,180),(181,59,181),(182,60,182),(183,60,183),(184,60,184),(185,60,185),(186,61,186),(187,61,187),(188,61,188),(189,61,189),(190,62,190),(191,62,191),(192,63,192),(193,63,193),(194,63,194),(195,63,195),(196,64,196),(197,64,197),(198,64,198),(199,64,199),(200,65,200),(201,65,201),(202,66,202),(203,66,203),(204,66,204),(205,67,205),(206,67,206),(207,67,207),(208,67,208),(209,68,209),(210,68,210),(211,68,211),(212,69,212),(213,69,213),(214,69,214),(215,70,215),(216,70,216),(217,70,217),(218,70,218),(219,71,219),(220,71,220),(221,71,221),(222,71,222),(223,72,223),(224,72,224),(225,72,225),(226,73,226),(227,73,227),(228,73,228),(229,74,229),(230,74,230),(231,74,231),(232,75,232),(233,75,233),(234,76,234),(235,76,235),(236,76,236),(237,77,237),(238,77,238),(239,77,239),(240,78,240),(241,78,241),(242,79,242),(243,79,243),(244,80,244),(245,80,245),(246,80,246),(247,81,247),(248,81,248),(249,81,249),(250,82,250),(251,82,251),(252,82,252),(253,82,253),(254,83,254),(255,83,255),(256,83,256),(257,83,257),(258,84,258),(259,84,259),(260,84,260),(261,85,261),(262,85,262),(263,85,263),(264,85,264),(265,86,265),(266,86,266),(267,87,267),(268,87,268),(269,87,269),(270,88,270),(271,88,271),(272,89,272),(273,89,273),(274,90,274),(275,90,275),(276,90,276),(277,90,277),(278,91,278),(279,91,279),(280,91,280),(281,92,281),(282,92,282),(283,92,283),(284,93,284),(285,93,285),(286,93,286),(287,94,287),(288,94,288),(289,94,289),(290,95,290),(291,95,291),(292,95,292),(293,95,293),(294,96,294),(295,96,295),(296,96,296),(297,96,297),(298,97,298),(299,97,299),(300,97,300),(301,97,301),(302,98,302),(303,98,303),(304,98,304),(305,99,305),(306,99,306),(307,99,307),(308,100,308),(309,100,309),(310,100,310),(311,101,311),(312,101,312),(313,102,313),(314,102,314),(315,102,315),(316,103,316),(317,103,317),(318,103,318),(319,103,319),(320,104,320),(321,104,321),(322,104,322),(323,105,323),(324,105,324),(325,106,325),(326,106,326),(327,106,327),(328,107,328),(329,107,329),(330,107,330),(331,107,331),(332,108,332),(333,108,333),(334,108,334),(335,109,335),(336,109,336),(337,109,337),(338,109,338),(339,110,339),(340,110,340),(341,110,341),(342,110,342),(343,111,343),(344,111,344),(345,111,345),(346,112,346),(347,112,347),(348,113,348),(349,113,349),(350,113,350),(351,114,351),(352,114,352),(353,114,353),(354,114,354),(355,115,355),(356,115,356),(357,116,357),(358,116,358),(359,117,359),(360,117,360),(361,117,361),(362,118,362),(363,118,363),(364,118,364),(365,118,365),(366,119,366),(367,119,367),(368,119,368),(369,120,369),(370,120,370),(371,120,371),(372,120,372),(373,121,373),(374,121,374),(375,121,375),(376,121,376),(377,122,377),(378,122,378),(379,122,379),(380,122,380),(381,123,381),(382,123,382),(383,123,383),(384,124,384),(385,124,385),(386,124,386),(387,124,387),(388,125,388),(389,125,389),(390,125,390),(391,125,391),(392,126,392),(393,126,393),(394,126,394),(395,127,395),(396,127,396),(397,127,397),(398,128,398),(399,128,399),(400,128,400),(401,128,401),(402,129,402),(403,129,403),(404,129,404),(405,130,405),(406,130,406),(407,131,407),(408,131,408),(409,132,409),(410,132,410),(411,133,411),(412,133,412),(413,134,413),(414,134,414),(415,134,415),(416,134,416),(417,135,417),(418,135,418),(419,135,419),(420,135,420),(421,136,421),(422,136,422),(423,137,423),(424,137,424),(425,137,425),(426,138,426),(427,138,427),(428,138,428),(429,138,429),(430,139,430),(431,139,431),(432,139,432),(433,140,433),(434,140,434),(435,140,435),(436,141,436),(437,141,437),(438,141,438),(439,141,439),(440,142,440),(441,142,441),(442,142,442),(443,142,443),(444,143,444),(445,143,445),(446,144,446),(447,144,447),(448,145,448),(449,145,449),(450,145,450),(451,145,451),(452,146,452),(453,146,453),(454,146,454),(455,146,455),(456,147,456),(457,147,457),(458,148,458),(459,148,459),(460,148,460),(461,149,461),(462,149,462),(463,150,463),(464,150,464),(465,150,465),(466,151,466),(467,151,467),(468,152,468),(469,152,469),(470,152,470),(471,153,471),(472,153,472),(473,154,473),(474,154,474),(475,154,475),(476,155,476),(477,155,477),(478,155,478),(479,155,479),(480,156,480),(481,156,481),(482,156,482),(483,156,483),(484,157,484),(485,157,485),(486,157,486),(487,157,487),(488,158,488),(489,158,489),(490,158,490),(491,159,491),(492,159,492),(493,159,493),(494,159,494),(495,160,495),(496,160,496),(497,160,497),(498,160,498),(499,161,499),(500,161,500),(501,161,501),(502,162,502),(503,162,503),(504,163,504),(505,163,505),(506,164,506),(507,164,507),(508,164,508),(509,164,509),(510,165,510),(511,165,511),(512,165,512),(513,166,513),(514,166,514),(515,167,515),(516,167,516),(517,167,517),(518,168,518),(519,168,519),(520,168,520),(521,168,521),(522,169,522),(523,169,523),(524,169,524),(525,170,525),(526,170,526),(527,170,527),(528,170,528),(529,171,529),(530,171,530),(531,171,531),(532,171,532),(533,172,533),(534,172,534),(535,172,535),(536,172,536),(537,173,537),(538,173,538),(539,173,539),(540,174,540),(541,174,541),(542,175,542),(543,175,543),(544,176,544),(545,176,545),(546,177,546),(547,177,547),(548,178,548),(549,178,549),(550,178,550),(551,178,551),(552,179,552),(553,179,553),(554,179,554),(555,179,555),(556,180,556),(557,180,557),(558,180,558),(559,180,559),(560,181,560),(561,181,561),(562,181,562),(563,181,563),(564,182,564),(565,182,565),(566,183,566),(567,183,567),(568,183,568),(569,184,569),(570,184,570),(571,184,571),(572,184,572),(573,185,573),(574,185,574),(575,186,575),(576,186,576),(577,187,577),(578,187,578),(579,188,579),(580,188,580),(581,188,581),(582,188,582),(583,189,583),(584,189,584),(585,190,585),(586,190,586),(587,191,587),(588,191,588),(589,191,589),(590,191,590),(591,192,591),(592,192,592),(593,192,593),(594,193,594),(595,193,595),(596,193,596),(597,193,597),(598,194,598),(599,194,599),(600,194,600),(601,194,601),(602,195,602),(603,195,603),(604,196,604),(605,196,605),(606,196,606),(607,197,607),(608,197,608),(609,197,609),(610,198,610),(611,198,611),(612,198,612),(613,198,613),(614,199,614),(615,199,615);
/*!40000 ALTER TABLE `StayHosts` ENABLE KEYS */;
UNLOCK TABLES;

--
-- Table structure for table `Stays`
--

DROP TABLE IF EXISTS `Stays`;
/*!40101 SET @saved_cs_client     = @@character_set_client */;
/*!40101 SET character_set_client = utf8 */;
CREATE TABLE `Stays` (
  `Id` int(10) unsigned NOT NULL AUTO_INCREMENT,
  `CheckIn` date NOT NULL,
  `RoomNumber` int(10) unsigned NOT NULL,
  `CheckOut` date DEFAULT NULL,
  `TotalPrice` decimal(6,2) NOT NULL,
  `PaymentType` enum('Card','Cash') DEFAULT NULL,
  `BookingId` int(10) unsigned NOT NULL,
  `PaymentDateTime` datetime DEFAULT NULL,
  PRIMARY KEY (`Id`),
  UNIQUE KEY `CheckOut` (`CheckOut`,`RoomNumber`),
  KEY `RoomNumber` (`RoomNumber`),
  KEY `BookingId` (`BookingId`),
  CONSTRAINT `Stays_ibfk_1` FOREIGN KEY (`RoomNumber`) REFERENCES `Rooms` (`RoomNumber`) ON DELETE NO ACTION ON UPDATE CASCADE,
  CONSTRAINT `Stays_ibfk_2` FOREIGN KEY (`BookingId`) REFERENCES `Bookings` (`Id`) ON DELETE NO ACTION ON UPDATE CASCADE
) ENGINE=InnoDB AUTO_INCREMENT=200 DEFAULT CHARSET=utf8mb4;
/*!40101 SET character_set_client = @saved_cs_client */;

--
-- Dumping data for table `Stays`
--

LOCK TABLES `Stays` WRITE;
/*!40000 ALTER TABLE `Stays` DISABLE KEYS */;
INSERT INTO `Stays` VALUES (1,'2018-01-07',15,'2018-01-11',252.00,'Cash',13,'2018-01-11 00:00:00'),(2,'2018-01-18',34,'2018-01-25',630.00,'Cash',6,'2018-01-25 00:00:00'),(3,'2018-01-21',50,'2018-01-26',450.00,'Card',36,'2018-01-26 00:00:00'),(4,'2018-01-23',31,'2018-01-25',96.00,'Card',2,'2018-01-25 00:00:00'),(5,'2018-01-27',34,'2018-02-01',450.00,'Cash',12,'2018-02-01 00:00:00'),(6,'2018-01-30',9,'2018-02-01',126.00,'Cash',31,'2018-02-01 00:00:00'),(7,'2018-02-01',33,'2018-02-03',126.00,'Card',23,'2018-02-03 00:00:00'),(8,'2018-02-02',46,'2018-02-03',48.00,'Card',37,'2018-02-03 00:00:00'),(9,'2018-02-04',1,'2018-02-07',270.00,'Cash',11,'2018-02-07 00:00:00'),(10,'2018-02-08',1,'2018-02-11',270.00,'Cash',32,'2018-02-11 00:00:00'),(11,'2018-02-09',48,'2018-02-15',288.00,'Card',52,'2018-02-15 00:00:00'),(12,'2018-02-11',10,'2018-02-16',450.00,'Card',68,'2018-02-16 00:00:00'),(13,'2018-02-14',8,'2018-02-17',270.00,'Card',47,'2018-02-17 00:00:00'),(14,'2018-02-16',35,'2018-02-24',504.00,'Cash',71,'2018-02-24 00:00:00'),(15,'2018-02-17',3,'2018-02-19',138.00,'Cash',69,'2018-02-19 00:00:00'),(16,'2018-02-19',25,'2018-02-21',138.00,'Card',92,'2018-02-21 00:00:00'),(17,'2018-02-20',3,'2018-02-21',69.00,'Card',40,'2018-02-21 00:00:00'),(18,'2018-02-21',20,'2018-02-27',378.00,'Card',90,'2018-02-27 00:00:00'),(19,'2018-02-23',50,'2018-03-02',630.00,'Card',15,'2018-03-02 00:00:00'),(20,'2018-02-25',22,'2018-02-27',180.00,'Card',43,'2018-02-27 00:00:00'),(21,'2018-02-25',39,'2018-03-03',414.00,'Cash',34,'2018-03-03 00:00:00'),(22,'2018-02-25',26,'2018-02-26',63.00,'Card',79,'2018-02-26 00:00:00'),(23,'2018-02-26',43,'2018-03-04',540.00,'Cash',77,'2018-03-04 00:00:00'),(24,'2018-02-26',41,'2018-03-05',483.00,'Card',84,'2018-03-05 00:00:00'),(25,'2018-02-27',42,'2018-03-04',315.00,'Card',89,'2018-03-04 00:00:00'),(26,'2018-02-27',5,'2018-03-07',504.00,'Cash',108,'2018-03-07 00:00:00'),(27,'2018-03-01',21,'2018-03-04',270.00,'Cash',18,'2018-03-04 00:00:00'),(28,'2018-03-02',38,'2018-03-09',441.00,'Cash',67,'2018-03-09 00:00:00'),(29,'2018-03-03',6,'2018-03-06',144.00,'Card',8,'2018-03-06 00:00:00'),(30,'2018-03-03',2,'2018-03-05',96.00,'Card',29,'2018-03-05 00:00:00'),(31,'2018-03-04',39,'2018-03-11',483.00,'Cash',28,'2018-03-11 00:00:00'),(32,'2018-03-04',34,'2018-03-05',90.00,'Cash',44,'2018-03-05 00:00:00'),(33,'2018-03-05',37,'2018-03-11',288.00,'Card',76,'2018-03-11 00:00:00'),(34,'2018-03-06',14,'2018-03-13',630.00,'Cash',82,'2018-03-13 00:00:00'),(35,'2018-03-07',2,'2018-03-10',144.00,'Cash',119,'2018-03-10 00:00:00'),(36,'2018-03-08',5,'2018-03-16',504.00,'Card',61,'2018-03-16 00:00:00'),(37,'2018-03-08',43,'2018-03-16',720.00,'Card',102,'2018-03-16 00:00:00'),(38,'2018-03-08',44,'2018-03-09',63.00,'Cash',126,'2018-03-09 00:00:00'),(39,'2018-03-11',12,'2018-03-15',192.00,'Cash',16,'2018-03-15 00:00:00'),(40,'2018-03-14',14,'2018-03-18',360.00,'Cash',4,'2018-03-18 00:00:00'),(41,'2018-03-14',6,'2018-03-18',192.00,'Cash',49,'2018-03-18 00:00:00'),(42,'2018-03-14',38,'2018-03-19',315.00,'Card',75,'2018-03-19 00:00:00'),(43,'2018-03-14',33,'2018-03-17',189.00,'Cash',101,'2018-03-17 00:00:00'),(44,'2018-03-15',42,'2018-03-23',520.80,'Cash',9,'2018-03-23 00:00:00'),(45,'2018-03-15',46,'2018-03-23',396.80,'Card',78,'2018-03-23 00:00:00'),(46,'2018-03-15',22,'2018-03-23',744.00,'Cash',141,'2018-03-23 00:00:00'),(47,'2018-03-16',3,'2018-03-24',579.60,'Cash',145,'2018-03-24 00:00:00'),(48,'2018-03-17',25,'2018-03-22',354.20,'Card',97,'2018-03-22 00:00:00'),(49,'2018-03-17',17,'2018-03-21',276.00,'Cash',62,'2018-03-21 00:00:00'),(50,'2018-03-17',34,'2018-03-20',270.00,'Card',110,'2018-03-20 00:00:00'),(51,'2018-03-18',14,'2018-03-23',474.00,'Cash',106,'2018-03-23 00:00:00'),(52,'2018-03-18',48,'2018-03-24',307.20,'Card',138,'2018-03-24 00:00:00'),(53,'2018-03-19',44,'2018-03-26',483.00,'Cash',5,'2018-03-26 00:00:00'),(54,'2018-03-19',43,'2018-03-25',588.00,'Cash',14,'2018-03-25 00:00:00'),(55,'2018-03-21',20,'2018-03-28',499.80,'Cash',25,'2018-03-28 00:00:00'),(56,'2018-03-21',39,'2018-03-24',234.60,'Cash',27,'2018-03-24 00:00:00'),(57,'2018-03-21',29,'2018-03-25',285.60,'Card',58,'2018-03-25 00:00:00'),(58,'2018-03-21',11,'2018-03-24',163.20,'Cash',65,'2018-03-24 00:00:00'),(59,'2018-03-22',21,'2018-03-29',714.00,'Card',30,'2018-03-29 00:00:00'),(60,'2018-03-22',49,'2018-03-27',391.00,'Card',35,'2018-03-27 00:00:00'),(61,'2018-03-22',17,'2018-03-28',469.20,'Card',38,'2018-03-28 00:00:00'),(62,'2018-03-22',33,'2018-03-26',285.60,'Card',50,'2018-03-26 00:00:00'),(63,'2018-03-23',25,'2018-03-26',234.60,'Card',127,'2018-03-26 00:00:00'),(64,'2018-03-23',50,'2018-03-24',102.00,'Card',146,'2018-03-24 00:00:00'),(65,'2018-03-24',8,'2018-03-29',510.00,'Cash',93,'2018-03-29 00:00:00'),(66,'2018-03-25',24,'2018-04-01',499.80,'Card',1,'2018-04-01 00:00:00'),(67,'2018-03-25',23,'2018-03-31',469.20,'Cash',17,'2018-03-31 00:00:00'),(68,'2018-03-26',13,'2018-03-31',272.00,'Card',173,'2018-03-31 00:00:00'),(69,'2018-03-28',9,'2018-03-31',214.20,'Card',105,'2018-03-31 00:00:00'),(70,'2018-03-29',49,'2018-04-01',234.60,'Cash',46,'2018-04-01 00:00:00'),(71,'2018-03-29',21,'2018-03-31',204.00,'Card',70,'2018-03-31 00:00:00'),(72,'2018-03-31',16,'2018-04-08',816.00,'Card',20,'2018-04-08 00:00:00'),(73,'2018-03-31',7,'2018-04-08',816.00,'Card',140,'2018-04-08 00:00:00'),(74,'2018-03-31',20,'2018-04-03',214.20,'Card',73,'2018-04-03 00:00:00'),(75,'2018-04-01',8,'2018-04-05',408.00,'Cash',42,'2018-04-05 00:00:00'),(76,'2018-04-03',32,'2018-04-08',357.00,'Cash',3,'2018-04-08 00:00:00'),(77,'2018-04-03',2,'2018-04-08',272.00,'Card',181,'2018-04-08 00:00:00'),(78,'2018-04-03',31,'2018-04-07',217.60,'Card',123,'2018-04-07 00:00:00'),(79,'2018-04-03',4,'2018-04-05',142.80,'Cash',149,'2018-04-05 00:00:00'),(80,'2018-04-04',5,'2018-04-07',214.20,'Card',7,'2018-04-07 00:00:00'),(81,'2018-04-04',34,'2018-04-11',714.00,'Card',120,'2018-04-11 00:00:00'),(82,'2018-04-04',23,'2018-04-06',156.40,'Card',139,'2018-04-06 00:00:00'),(83,'2018-04-04',3,'2018-04-10',469.20,'Cash',94,'2018-04-10 00:00:00'),(84,'2018-04-04',22,'2018-04-06',204.00,'Card',137,'2018-04-06 00:00:00'),(85,'2018-04-05',41,'2018-04-06',78.20,'Card',59,'2018-04-06 00:00:00'),(86,'2018-04-05',26,'2018-04-10',357.00,'Card',172,'2018-04-10 00:00:00'),(87,'2018-04-06',33,'2018-04-08',142.80,'Cash',48,'2018-04-08 00:00:00'),(88,'2018-04-06',46,'2018-04-07',54.40,'Cash',200,'2018-04-07 00:00:00'),(89,'2018-04-07',31,'2018-04-13',326.40,'Cash',116,'2018-04-13 00:00:00'),(90,'2018-04-07',43,'2018-04-14',714.00,'Cash',156,'2018-04-14 00:00:00'),(91,'2018-04-09',5,'2018-04-10',71.40,'Cash',72,'2018-04-10 00:00:00'),(92,'2018-04-10',22,'2018-04-18',816.00,'Cash',24,'2018-04-18 00:00:00'),(93,'2018-04-10',7,'2018-04-14',408.00,'Cash',86,'2018-04-14 00:00:00'),(94,'2018-04-11',4,'2018-04-17',428.40,'Cash',135,'2018-04-17 00:00:00'),(95,'2018-04-12',10,'2018-04-20',816.00,'Card',128,'2018-04-20 00:00:00'),(96,'2018-04-13',41,'2018-04-21',625.60,'Card',33,'2018-04-21 00:00:00'),(97,'2018-04-13',23,'2018-04-21',625.60,'Card',136,'2018-04-21 00:00:00'),(98,'2018-04-14',34,'2018-04-16',204.00,'Cash',103,'2018-04-16 00:00:00'),(99,'2018-04-15',2,'2018-04-16',54.40,'Cash',218,'2018-04-16 00:00:00'),(100,'2018-04-16',26,'2018-04-21',357.00,'Cash',193,'2018-04-21 00:00:00'),(101,'2018-04-16',38,'2018-04-18',142.80,'Card',122,'2018-04-18 00:00:00'),(102,'2018-04-17',4,'2018-04-21',285.60,'Cash',142,'2018-04-21 00:00:00'),(103,'2018-04-18',14,'2018-04-24',612.00,'Cash',150,'2018-04-24 00:00:00'),(104,'2018-04-19',44,'2018-04-26',499.80,'Card',125,'2018-04-26 00:00:00'),(105,'2018-04-19',2,'2018-04-22',163.20,'Cash',19,'2018-04-22 00:00:00'),(106,'2018-04-19',22,'2018-04-22',306.00,'Card',45,'2018-04-22 00:00:00'),(107,'2018-04-19',17,'2018-04-24',391.00,'Card',53,'2018-04-24 00:00:00'),(108,'2018-04-19',16,'2018-04-20',102.00,'Card',169,'2018-04-20 00:00:00'),(109,'2018-04-20',36,'2018-04-24',312.80,'Cash',207,'2018-04-24 00:00:00'),(110,'2018-04-20',21,'2018-04-25',510.00,'Card',66,'2018-04-25 00:00:00'),(111,'2018-04-20',38,'2018-04-27',499.80,'Cash',113,'2018-04-27 00:00:00'),(112,'2018-04-20',9,'2018-04-24',285.60,'Cash',190,'2018-04-24 00:00:00'),(113,'2018-04-21',13,'2018-04-26',272.00,'Card',205,'2018-04-26 00:00:00'),(114,'2018-04-22',3,'2018-04-26',312.80,'Card',26,'2018-04-26 00:00:00'),(115,'2018-04-22',33,'2018-04-25',214.20,'Card',51,'2018-04-25 00:00:00'),(116,'2018-04-23',35,'2018-04-30',499.80,'Cash',54,'2018-04-30 00:00:00'),(117,'2018-04-23',12,'2018-04-30',380.80,'Card',95,'2018-04-30 00:00:00'),(118,'2018-04-23',43,'2018-05-01',816.00,'Card',221,'2018-05-01 00:00:00'),(119,'2018-04-23',1,'2018-04-28',510.00,'Cash',121,'2018-04-28 00:00:00'),(120,'2018-04-23',41,'2018-05-01',625.60,'Cash',151,'2018-05-01 00:00:00'),(121,'2018-04-24',17,'2018-04-26',156.40,'Card',180,'2018-04-26 00:00:00'),(122,'2018-04-27',49,'2018-05-01',312.80,'Cash',184,'2018-05-01 00:00:00'),(123,'2018-04-27',22,'2018-05-03',612.00,'Cash',57,'2018-05-03 00:00:00'),(124,'2018-04-27',23,'2018-05-04',547.40,'Card',175,'2018-05-04 00:00:00'),(125,'2018-04-27',3,'2018-04-30',234.60,'Cash',111,'2018-04-30 00:00:00'),(126,'2018-04-28',8,'2018-05-05',714.00,'Cash',159,'2018-05-05 00:00:00'),(127,'2018-04-28',29,'2018-05-01',214.20,'Card',39,'2018-05-01 00:00:00'),(128,'2018-04-29',21,'2018-05-02',306.00,'Card',74,'2018-05-02 00:00:00'),(129,'2018-04-29',31,'2018-05-03',217.60,'Cash',143,'2018-05-03 00:00:00'),(130,'2018-04-29',7,'2018-05-03',408.00,'Card',85,'2018-05-03 00:00:00'),(131,'2018-04-30',13,'2018-05-01',54.40,'Card',98,'2018-05-01 00:00:00'),(132,'2018-04-30',4,'2018-05-03',214.20,'Card',228,'2018-05-03 00:00:00'),(133,'2018-05-01',34,'2018-05-04',306.00,'Card',210,'2018-05-04 00:00:00'),(134,'2018-05-01',39,'2018-05-04',234.60,'Cash',114,'2018-05-04 00:00:00'),(135,'2018-05-01',25,'2018-05-07',469.20,'Cash',163,'2018-05-07 00:00:00'),(136,'2018-05-03',15,'2018-05-08',357.00,'Card',96,'2018-05-08 00:00:00'),(137,'2018-05-04',48,'2018-05-11',380.80,'Cash',241,'2018-05-11 00:00:00'),(138,'2018-05-04',49,'2018-05-12',625.60,'Card',124,'2018-05-12 00:00:00'),(139,'2018-05-04',9,'2018-05-11',499.80,'Card',99,'2018-05-11 00:00:00'),(140,'2018-05-04',24,'2018-05-07',214.20,'Cash',202,'2018-05-07 00:00:00'),(141,'2018-05-05',10,'2018-05-06',102.00,'Cash',234,'2018-05-06 00:00:00'),(142,'2018-05-05',18,'2018-05-11',612.00,'Cash',83,'2018-05-11 00:00:00'),(143,'2018-05-06',8,'2018-05-09',306.00,'Cash',132,'2018-05-09 00:00:00'),(144,'2018-05-06',12,'2018-05-09',163.20,'Card',240,'2018-05-09 00:00:00'),(145,'2018-05-06',39,'2018-05-13',547.40,'Card',100,'2018-05-13 00:00:00'),(146,'2018-05-07',50,'2018-05-15',816.00,'Cash',63,'2018-05-15 00:00:00'),(147,'2018-05-07',4,'2018-05-11',285.60,'Card',144,'2018-05-11 00:00:00'),(148,'2018-05-07',29,'2018-05-10',214.20,'Cash',187,'2018-05-10 00:00:00'),(149,'2018-05-07',34,'2018-05-12',510.00,'Cash',183,'2018-05-12 00:00:00'),(150,'2018-05-07',22,'2018-05-08',102.00,'Cash',244,'2018-05-08 00:00:00'),(151,'2018-05-09',44,'2018-05-12',214.20,'Cash',198,'2018-05-12 00:00:00'),(152,'2018-05-09',11,'2018-05-11',108.80,'Card',177,'2018-05-11 00:00:00'),(153,'2018-05-09',26,'2018-05-10',71.40,'Card',88,'2018-05-10 00:00:00'),(154,'2018-05-10',24,'2018-05-18',571.20,'Cash',55,'2018-05-18 00:00:00'),(155,'2018-05-10',43,'2018-05-13',306.00,'Cash',104,'2018-05-13 00:00:00'),(156,'2018-05-11',41,'2018-05-18',547.40,'Card',199,'2018-05-18 00:00:00'),(157,'2018-05-11',18,'2018-05-14',306.00,'Card',56,'2018-05-14 00:00:00'),(158,'2018-05-11',46,'2018-05-15',217.60,'Cash',117,'2018-05-15 00:00:00'),(159,'2018-05-11',10,'2018-05-18',714.00,'Cash',134,'2018-05-18 00:00:00'),(160,'2018-05-12',49,'2018-05-17',391.00,'Card',201,'2018-05-17 00:00:00'),(161,'2018-05-13',32,'2018-05-18',357.00,'Cash',189,'2018-05-18 00:00:00'),(162,'2018-05-13',31,'2018-05-18',272.00,'Cash',253,'2018-05-18 00:00:00'),(163,'2018-05-15',26,'2018-05-21',428.40,'Cash',265,'2018-05-21 00:00:00'),(164,'2018-05-15',18,'2018-05-18',306.00,'Cash',209,'2018-05-18 00:00:00'),(165,'2018-05-15',9,'2018-05-20',357.00,'Card',167,'2018-05-20 00:00:00'),(166,'2018-05-15',35,'2018-05-20',357.00,'Cash',178,'2018-05-20 00:00:00'),(167,'2018-05-16',33,'2018-05-21',357.00,'Card',164,'2018-05-21 00:00:00'),(168,'2018-05-16',50,'2018-05-19',306.00,'Cash',211,'2018-05-19 00:00:00'),(169,'2018-05-16',48,'2018-05-18',108.80,'Cash',157,'2018-05-18 00:00:00'),(170,'2018-05-17',36,'2018-05-21',312.80,'Cash',185,'2018-05-21 00:00:00'),(171,'2018-05-17',17,'2018-05-23',469.20,'Card',197,'2018-05-23 00:00:00'),(172,'2018-05-18',18,'2018-05-25',714.00,'Card',276,'2018-05-25 00:00:00'),(173,'2018-05-18',37,'2018-05-24',326.40,'Card',161,'2018-05-24 00:00:00'),(174,'2018-05-19',48,'2018-05-22',163.20,'Card',179,'2018-05-22 00:00:00'),(175,'2018-05-20',38,'2018-05-25',357.00,'Cash',188,'2018-05-25 00:00:00'),(176,'2018-05-20',12,'2018-05-21',54.40,'Cash',91,'2018-05-21 00:00:00'),(177,'2018-05-21',7,'2018-05-24',306.00,'Cash',154,'2018-05-24 00:00:00'),(178,'2018-05-21',43,'2018-05-23',204.00,'Card',215,'2018-05-23 00:00:00'),(179,'2018-05-21',41,'2018-05-22',78.20,'Card',262,'2018-05-22 00:00:00'),(180,'2018-05-22',50,'2018-05-23',102.00,'Cash',130,'2018-05-23 00:00:00'),(181,'2018-05-23',3,'2018-05-27',312.80,'Cash',170,'2018-05-27 00:00:00'),(182,'2018-05-24',12,'2018-05-29',272.00,'Card',81,'2018-05-29 00:00:00'),(183,'2018-05-25',13,'2018-06-01',380.80,'Card',171,'2018-06-01 00:00:00'),(184,'2018-05-25',17,'2018-05-29',312.80,'Cash',191,'2018-05-29 00:00:00'),(185,'2018-05-26',6,'2018-06-02',380.80,'Cash',230,'2018-06-02 00:00:00'),(186,'2018-05-26',7,'2018-05-27',102.00,'Card',148,'2018-05-27 00:00:00'),(187,'2018-05-27',9,'2018-05-31',285.60,'Cash',245,'2018-05-31 00:00:00'),(188,'2018-05-27',50,'2018-06-02',612.00,'Card',300,'2018-06-02 00:00:00'),(189,'2018-05-27',38,'2018-05-31',285.60,'Card',152,'2018-05-31 00:00:00'),(190,'2018-05-28',32,'2018-06-01',285.60,'Cash',166,'2018-06-01 00:00:00'),(191,'2018-05-28',10,'2018-05-30',204.00,'Card',213,'2018-05-30 00:00:00'),(192,'2018-05-29',33,'2018-06-01',214.20,'Cash',112,'2018-06-01 00:00:00'),(193,'2018-05-29',25,'2018-06-05',547.40,'Card',255,'2018-06-05 00:00:00'),(194,'2018-05-30',36,'2018-06-02',234.60,'Card',232,'2018-06-02 00:00:00'),(195,'2018-05-30',31,'2018-06-03',217.60,'Cash',133,'2018-06-03 00:00:00'),(196,'2018-05-31',22,'2018-06-06',612.00,'Cash',219,'2018-06-06 00:00:00'),(197,'2018-05-31',2,'2018-06-01',54.40,'Card',115,'2018-06-01 00:00:00'),(198,'2018-05-31',18,'2018-06-02',204.00,'Card',229,'2018-06-02 00:00:00'),(199,'2018-05-31',42,'2018-06-01',71.40,'Cash',303,'2018-06-01 00:00:00');
/*!40000 ALTER TABLE `Stays` ENABLE KEYS */;
UNLOCK TABLES;
/*!40103 SET TIME_ZONE=@OLD_TIME_ZONE */;

/*!40101 SET SQL_MODE=@OLD_SQL_MODE */;
/*!40014 SET FOREIGN_KEY_CHECKS=@OLD_FOREIGN_KEY_CHECKS */;
/*!40014 SET UNIQUE_CHECKS=@OLD_UNIQUE_CHECKS */;
/*!40101 SET CHARACTER_SET_CLIENT=@OLD_CHARACTER_SET_CLIENT */;
/*!40101 SET CHARACTER_SET_RESULTS=@OLD_CHARACTER_SET_RESULTS */;
/*!40101 SET COLLATION_CONNECTION=@OLD_COLLATION_CONNECTION */;
/*!40111 SET SQL_NOTES=@OLD_SQL_NOTES */;

-- Dump completed on 2018-11-21 14:58:41
